[0.310s] DEBUG:colcon:Command line arguments: ['/usr/bin/colcon', 'build']
[0.310s] DEBUG:colcon:Parsed command line arguments: Namespace(log_base=None, log_level=None, verb_name='build', build_base='build', install_base='install', merge_install=False, symlink_install=False, test_result_base=None, continue_on_error=False, executor='parallel', parallel_workers=6, event_handlers=None, ignore_user_meta=False, metas=['./colcon.meta'], base_paths=['.'], packages_ignore=None, packages_ignore_regex=None, paths=None, packages_up_to=None, packages_up_to_regex=None, packages_above=None, packages_above_and_dependencies=None, packages_above_depth=None, packages_select_by_dep=None, packages_skip_by_dep=None, packages_skip_up_to=None, packages_select_build_failed=False, packages_skip_build_finished=False, packages_select_test_failures=False, packages_skip_test_passed=False, packages_select=None, packages_skip=None, packages_select_regex=None, packages_skip_regex=None, packages_start=None, packages_end=None, allow_overriding=[], cmake_args=None, cmake_target=None, cmake_target_skip_unavailable=False, cmake_clean_cache=False, cmake_clean_first=False, cmake_force_configure=False, ament_cmake_args=None, catkin_cmake_args=None, catkin_skip_building_tests=False, verb_parser=<colcon_defaults.argument_parser.defaults.DefaultArgumentsDecorator object at 0xffffb13ad6f0>, verb_extension=<colcon_core.verb.build.BuildVerb object at 0xffffb13ad1e0>, main=<bound method BuildVerb.main of <colcon_core.verb.build.BuildVerb object at 0xffffb13ad1e0>>)
[0.712s] Level 1:colcon.colcon_core.package_discovery:discover_packages(colcon_meta) check parameters
[0.712s] Level 1:colcon.colcon_core.package_discovery:discover_packages(recursive) check parameters
[0.712s] Level 1:colcon.colcon_core.package_discovery:discover_packages(ignore) check parameters
[0.712s] Level 1:colcon.colcon_core.package_discovery:discover_packages(path) check parameters
[0.713s] Level 1:colcon.colcon_core.package_discovery:discover_packages(colcon_meta) discover
[0.713s] Level 1:colcon.colcon_core.package_discovery:discover_packages(recursive) discover
[0.713s] INFO:colcon.colcon_core.package_discovery:Crawling recursively for packages in '/home/bluelule/ugv_project/ros2_ws'
[0.713s] Level 1:colcon.colcon_core.package_identification:_identify(.) by extensions ['ignore', 'ignore_ament_install']
[0.713s] Level 1:colcon.colcon_core.package_identification:_identify(.) by extension 'ignore'
[0.713s] Level 1:colcon.colcon_core.package_identification:_identify(.) by extension 'ignore_ament_install'
[0.713s] Level 1:colcon.colcon_core.package_identification:_identify(.) by extensions ['colcon_pkg']
[0.714s] Level 1:colcon.colcon_core.package_identification:_identify(.) by extension 'colcon_pkg'
[0.714s] Level 1:colcon.colcon_core.package_identification:_identify(.) by extensions ['colcon_meta']
[0.714s] Level 1:colcon.colcon_core.package_identification:_identify(.) by extension 'colcon_meta'
[0.714s] Level 1:colcon.colcon_core.package_identification:_identify(.) by extensions ['ros']
[0.714s] Level 1:colcon.colcon_core.package_identification:_identify(.) by extension 'ros'
[0.734s] Level 1:colcon.colcon_core.package_identification:_identify(.) by extensions ['cmake', 'python']
[0.735s] Level 1:colcon.colcon_core.package_identification:_identify(.) by extension 'cmake'
[0.735s] Level 1:colcon.colcon_core.package_identification:_identify(.) by extension 'python'
[0.735s] Level 1:colcon.colcon_core.package_identification:_identify(.) by extensions ['python_setup_py']
[0.735s] Level 1:colcon.colcon_core.package_identification:_identify(.) by extension 'python_setup_py'
[0.735s] Level 1:colcon.colcon_core.package_identification:_identify(bin) by extensions ['ignore', 'ignore_ament_install']
[0.736s] Level 1:colcon.colcon_core.package_identification:_identify(bin) by extension 'ignore'
[0.736s] Level 1:colcon.colcon_core.package_identification:_identify(bin) by extension 'ignore_ament_install'
[0.736s] Level 1:colcon.colcon_core.package_identification:_identify(bin) by extensions ['colcon_pkg']
[0.736s] Level 1:colcon.colcon_core.package_identification:_identify(bin) by extension 'colcon_pkg'
[0.736s] Level 1:colcon.colcon_core.package_identification:_identify(bin) by extensions ['colcon_meta']
[0.736s] Level 1:colcon.colcon_core.package_identification:_identify(bin) by extension 'colcon_meta'
[0.736s] Level 1:colcon.colcon_core.package_identification:_identify(bin) by extensions ['ros']
[0.736s] Level 1:colcon.colcon_core.package_identification:_identify(bin) by extension 'ros'
[0.736s] Level 1:colcon.colcon_core.package_identification:_identify(bin) by extensions ['cmake', 'python']
[0.737s] Level 1:colcon.colcon_core.package_identification:_identify(bin) by extension 'cmake'
[0.737s] Level 1:colcon.colcon_core.package_identification:_identify(bin) by extension 'python'
[0.737s] Level 1:colcon.colcon_core.package_identification:_identify(bin) by extensions ['python_setup_py']
[0.737s] Level 1:colcon.colcon_core.package_identification:_identify(bin) by extension 'python_setup_py'
[0.737s] Level 1:colcon.colcon_core.package_identification:_identify(build) by extensions ['ignore', 'ignore_ament_install']
[0.737s] Level 1:colcon.colcon_core.package_identification:_identify(build) by extension 'ignore'
[0.737s] Level 1:colcon.colcon_core.package_identification:_identify(build) ignored
[0.737s] Level 1:colcon.colcon_core.package_identification:_identify(install) by extensions ['ignore', 'ignore_ament_install']
[0.738s] Level 1:colcon.colcon_core.package_identification:_identify(install) by extension 'ignore'
[0.738s] Level 1:colcon.colcon_core.package_identification:_identify(install) ignored
[0.738s] Level 1:colcon.colcon_core.package_identification:_identify(log) by extensions ['ignore', 'ignore_ament_install']
[0.738s] Level 1:colcon.colcon_core.package_identification:_identify(log) by extension 'ignore'
[0.738s] Level 1:colcon.colcon_core.package_identification:_identify(log) ignored
[0.738s] Level 1:colcon.colcon_core.package_identification:_identify(src) by extensions ['ignore', 'ignore_ament_install']
[0.738s] Level 1:colcon.colcon_core.package_identification:_identify(src) by extension 'ignore'
[0.738s] Level 1:colcon.colcon_core.package_identification:_identify(src) by extension 'ignore_ament_install'
[0.739s] Level 1:colcon.colcon_core.package_identification:_identify(src) by extensions ['colcon_pkg']
[0.739s] Level 1:colcon.colcon_core.package_identification:_identify(src) by extension 'colcon_pkg'
[0.739s] Level 1:colcon.colcon_core.package_identification:_identify(src) by extensions ['colcon_meta']
[0.739s] Level 1:colcon.colcon_core.package_identification:_identify(src) by extension 'colcon_meta'
[0.739s] Level 1:colcon.colcon_core.package_identification:_identify(src) by extensions ['ros']
[0.739s] Level 1:colcon.colcon_core.package_identification:_identify(src) by extension 'ros'
[0.739s] Level 1:colcon.colcon_core.package_identification:_identify(src) by extensions ['cmake', 'python']
[0.739s] Level 1:colcon.colcon_core.package_identification:_identify(src) by extension 'cmake'
[0.739s] Level 1:colcon.colcon_core.package_identification:_identify(src) by extension 'python'
[0.739s] Level 1:colcon.colcon_core.package_identification:_identify(src) by extensions ['python_setup_py']
[0.739s] Level 1:colcon.colcon_core.package_identification:_identify(src) by extension 'python_setup_py'
[0.740s] Level 1:colcon.colcon_core.package_identification:_identify(src/third_party) by extensions ['ignore', 'ignore_ament_install']
[0.740s] Level 1:colcon.colcon_core.package_identification:_identify(src/third_party) by extension 'ignore'
[0.740s] Level 1:colcon.colcon_core.package_identification:_identify(src/third_party) by extension 'ignore_ament_install'
[0.740s] Level 1:colcon.colcon_core.package_identification:_identify(src/third_party) by extensions ['colcon_pkg']
[0.740s] Level 1:colcon.colcon_core.package_identification:_identify(src/third_party) by extension 'colcon_pkg'
[0.740s] Level 1:colcon.colcon_core.package_identification:_identify(src/third_party) by extensions ['colcon_meta']
[0.740s] Level 1:colcon.colcon_core.package_identification:_identify(src/third_party) by extension 'colcon_meta'
[0.740s] Level 1:colcon.colcon_core.package_identification:_identify(src/third_party) by extensions ['ros']
[0.740s] Level 1:colcon.colcon_core.package_identification:_identify(src/third_party) by extension 'ros'
[0.741s] Level 1:colcon.colcon_core.package_identification:_identify(src/third_party) by extensions ['cmake', 'python']
[0.741s] Level 1:colcon.colcon_core.package_identification:_identify(src/third_party) by extension 'cmake'
[0.741s] Level 1:colcon.colcon_core.package_identification:_identify(src/third_party) by extension 'python'
[0.741s] Level 1:colcon.colcon_core.package_identification:_identify(src/third_party) by extensions ['python_setup_py']
[0.741s] Level 1:colcon.colcon_core.package_identification:_identify(src/third_party) by extension 'python_setup_py'
[0.741s] Level 1:colcon.colcon_core.package_identification:_identify(src/third_party/zed-ros2-wrapper) by extensions ['ignore', 'ignore_ament_install']
[0.741s] Level 1:colcon.colcon_core.package_identification:_identify(src/third_party/zed-ros2-wrapper) by extension 'ignore'
[0.741s] Level 1:colcon.colcon_core.package_identification:_identify(src/third_party/zed-ros2-wrapper) by extension 'ignore_ament_install'
[0.742s] Level 1:colcon.colcon_core.package_identification:_identify(src/third_party/zed-ros2-wrapper) by extensions ['colcon_pkg']
[0.742s] Level 1:colcon.colcon_core.package_identification:_identify(src/third_party/zed-ros2-wrapper) by extension 'colcon_pkg'
[0.742s] Level 1:colcon.colcon_core.package_identification:_identify(src/third_party/zed-ros2-wrapper) by extensions ['colcon_meta']
[0.742s] Level 1:colcon.colcon_core.package_identification:_identify(src/third_party/zed-ros2-wrapper) by extension 'colcon_meta'
[0.742s] Level 1:colcon.colcon_core.package_identification:_identify(src/third_party/zed-ros2-wrapper) by extensions ['ros']
[0.742s] Level 1:colcon.colcon_core.package_identification:_identify(src/third_party/zed-ros2-wrapper) by extension 'ros'
[0.742s] Level 1:colcon.colcon_core.package_identification:_identify(src/third_party/zed-ros2-wrapper) by extensions ['cmake', 'python']
[0.742s] Level 1:colcon.colcon_core.package_identification:_identify(src/third_party/zed-ros2-wrapper) by extension 'cmake'
[0.742s] Level 1:colcon.colcon_core.package_identification:_identify(src/third_party/zed-ros2-wrapper) by extension 'python'
[0.742s] Level 1:colcon.colcon_core.package_identification:_identify(src/third_party/zed-ros2-wrapper) by extensions ['python_setup_py']
[0.742s] Level 1:colcon.colcon_core.package_identification:_identify(src/third_party/zed-ros2-wrapper) by extension 'python_setup_py'
[0.743s] Level 1:colcon.colcon_core.package_identification:_identify(src/third_party/zed-ros2-wrapper/docker) by extensions ['ignore', 'ignore_ament_install']
[0.743s] Level 1:colcon.colcon_core.package_identification:_identify(src/third_party/zed-ros2-wrapper/docker) by extension 'ignore'
[0.743s] Level 1:colcon.colcon_core.package_identification:_identify(src/third_party/zed-ros2-wrapper/docker) by extension 'ignore_ament_install'
[0.743s] Level 1:colcon.colcon_core.package_identification:_identify(src/third_party/zed-ros2-wrapper/docker) by extensions ['colcon_pkg']
[0.743s] Level 1:colcon.colcon_core.package_identification:_identify(src/third_party/zed-ros2-wrapper/docker) by extension 'colcon_pkg'
[0.743s] Level 1:colcon.colcon_core.package_identification:_identify(src/third_party/zed-ros2-wrapper/docker) by extensions ['colcon_meta']
[0.743s] Level 1:colcon.colcon_core.package_identification:_identify(src/third_party/zed-ros2-wrapper/docker) by extension 'colcon_meta'
[0.743s] Level 1:colcon.colcon_core.package_identification:_identify(src/third_party/zed-ros2-wrapper/docker) by extensions ['ros']
[0.743s] Level 1:colcon.colcon_core.package_identification:_identify(src/third_party/zed-ros2-wrapper/docker) by extension 'ros'
[0.744s] Level 1:colcon.colcon_core.package_identification:_identify(src/third_party/zed-ros2-wrapper/docker) by extensions ['cmake', 'python']
[0.744s] Level 1:colcon.colcon_core.package_identification:_identify(src/third_party/zed-ros2-wrapper/docker) by extension 'cmake'
[0.744s] Level 1:colcon.colcon_core.package_identification:_identify(src/third_party/zed-ros2-wrapper/docker) by extension 'python'
[0.744s] Level 1:colcon.colcon_core.package_identification:_identify(src/third_party/zed-ros2-wrapper/docker) by extensions ['python_setup_py']
[0.744s] Level 1:colcon.colcon_core.package_identification:_identify(src/third_party/zed-ros2-wrapper/docker) by extension 'python_setup_py'
[0.744s] Level 1:colcon.colcon_core.package_identification:_identify(src/third_party/zed-ros2-wrapper/images) by extensions ['ignore', 'ignore_ament_install']
[0.744s] Level 1:colcon.colcon_core.package_identification:_identify(src/third_party/zed-ros2-wrapper/images) by extension 'ignore'
[0.744s] Level 1:colcon.colcon_core.package_identification:_identify(src/third_party/zed-ros2-wrapper/images) by extension 'ignore_ament_install'
[0.744s] Level 1:colcon.colcon_core.package_identification:_identify(src/third_party/zed-ros2-wrapper/images) by extensions ['colcon_pkg']
[0.745s] Level 1:colcon.colcon_core.package_identification:_identify(src/third_party/zed-ros2-wrapper/images) by extension 'colcon_pkg'
[0.745s] Level 1:colcon.colcon_core.package_identification:_identify(src/third_party/zed-ros2-wrapper/images) by extensions ['colcon_meta']
[0.745s] Level 1:colcon.colcon_core.package_identification:_identify(src/third_party/zed-ros2-wrapper/images) by extension 'colcon_meta'
[0.745s] Level 1:colcon.colcon_core.package_identification:_identify(src/third_party/zed-ros2-wrapper/images) by extensions ['ros']
[0.745s] Level 1:colcon.colcon_core.package_identification:_identify(src/third_party/zed-ros2-wrapper/images) by extension 'ros'
[0.745s] Level 1:colcon.colcon_core.package_identification:_identify(src/third_party/zed-ros2-wrapper/images) by extensions ['cmake', 'python']
[0.745s] Level 1:colcon.colcon_core.package_identification:_identify(src/third_party/zed-ros2-wrapper/images) by extension 'cmake'
[0.745s] Level 1:colcon.colcon_core.package_identification:_identify(src/third_party/zed-ros2-wrapper/images) by extension 'python'
[0.745s] Level 1:colcon.colcon_core.package_identification:_identify(src/third_party/zed-ros2-wrapper/images) by extensions ['python_setup_py']
[0.745s] Level 1:colcon.colcon_core.package_identification:_identify(src/third_party/zed-ros2-wrapper/images) by extension 'python_setup_py'
[0.746s] Level 1:colcon.colcon_core.package_identification:_identify(src/third_party/zed-ros2-wrapper/zed_components) by extensions ['ignore', 'ignore_ament_install']
[0.746s] Level 1:colcon.colcon_core.package_identification:_identify(src/third_party/zed-ros2-wrapper/zed_components) by extension 'ignore'
[0.746s] Level 1:colcon.colcon_core.package_identification:_identify(src/third_party/zed-ros2-wrapper/zed_components) by extension 'ignore_ament_install'
[0.746s] Level 1:colcon.colcon_core.package_identification:_identify(src/third_party/zed-ros2-wrapper/zed_components) by extensions ['colcon_pkg']
[0.746s] Level 1:colcon.colcon_core.package_identification:_identify(src/third_party/zed-ros2-wrapper/zed_components) by extension 'colcon_pkg'
[0.746s] Level 1:colcon.colcon_core.package_identification:_identify(src/third_party/zed-ros2-wrapper/zed_components) by extensions ['colcon_meta']
[0.746s] Level 1:colcon.colcon_core.package_identification:_identify(src/third_party/zed-ros2-wrapper/zed_components) by extension 'colcon_meta'
[0.746s] Level 1:colcon.colcon_core.package_identification:_identify(src/third_party/zed-ros2-wrapper/zed_components) by extensions ['ros']
[0.746s] Level 1:colcon.colcon_core.package_identification:_identify(src/third_party/zed-ros2-wrapper/zed_components) by extension 'ros'
[0.752s] DEBUG:colcon.colcon_core.package_identification:Package 'src/third_party/zed-ros2-wrapper/zed_components' with type 'ros.ament_cmake' and name 'zed_components'
[0.753s] Level 1:colcon.colcon_core.package_identification:_identify(src/third_party/zed-ros2-wrapper/zed_ros2) by extensions ['ignore', 'ignore_ament_install']
[0.753s] Level 1:colcon.colcon_core.package_identification:_identify(src/third_party/zed-ros2-wrapper/zed_ros2) by extension 'ignore'
[0.753s] Level 1:colcon.colcon_core.package_identification:_identify(src/third_party/zed-ros2-wrapper/zed_ros2) by extension 'ignore_ament_install'
[0.753s] Level 1:colcon.colcon_core.package_identification:_identify(src/third_party/zed-ros2-wrapper/zed_ros2) by extensions ['colcon_pkg']
[0.753s] Level 1:colcon.colcon_core.package_identification:_identify(src/third_party/zed-ros2-wrapper/zed_ros2) by extension 'colcon_pkg'
[0.754s] Level 1:colcon.colcon_core.package_identification:_identify(src/third_party/zed-ros2-wrapper/zed_ros2) by extensions ['colcon_meta']
[0.754s] Level 1:colcon.colcon_core.package_identification:_identify(src/third_party/zed-ros2-wrapper/zed_ros2) by extension 'colcon_meta'
[0.754s] Level 1:colcon.colcon_core.package_identification:_identify(src/third_party/zed-ros2-wrapper/zed_ros2) by extensions ['ros']
[0.754s] Level 1:colcon.colcon_core.package_identification:_identify(src/third_party/zed-ros2-wrapper/zed_ros2) by extension 'ros'
[0.755s] DEBUG:colcon.colcon_core.package_identification:Package 'src/third_party/zed-ros2-wrapper/zed_ros2' with type 'ros.ament_cmake' and name 'zed_ros2'
[0.755s] Level 1:colcon.colcon_core.package_identification:_identify(src/third_party/zed-ros2-wrapper/zed_wrapper) by extensions ['ignore', 'ignore_ament_install']
[0.755s] Level 1:colcon.colcon_core.package_identification:_identify(src/third_party/zed-ros2-wrapper/zed_wrapper) by extension 'ignore'
[0.756s] Level 1:colcon.colcon_core.package_identification:_identify(src/third_party/zed-ros2-wrapper/zed_wrapper) by extension 'ignore_ament_install'
[0.756s] Level 1:colcon.colcon_core.package_identification:_identify(src/third_party/zed-ros2-wrapper/zed_wrapper) by extensions ['colcon_pkg']
[0.756s] Level 1:colcon.colcon_core.package_identification:_identify(src/third_party/zed-ros2-wrapper/zed_wrapper) by extension 'colcon_pkg'
[0.756s] Level 1:colcon.colcon_core.package_identification:_identify(src/third_party/zed-ros2-wrapper/zed_wrapper) by extensions ['colcon_meta']
[0.756s] Level 1:colcon.colcon_core.package_identification:_identify(src/third_party/zed-ros2-wrapper/zed_wrapper) by extension 'colcon_meta'
[0.756s] Level 1:colcon.colcon_core.package_identification:_identify(src/third_party/zed-ros2-wrapper/zed_wrapper) by extensions ['ros']
[0.756s] Level 1:colcon.colcon_core.package_identification:_identify(src/third_party/zed-ros2-wrapper/zed_wrapper) by extension 'ros'
[0.757s] DEBUG:colcon.colcon_core.package_identification:Package 'src/third_party/zed-ros2-wrapper/zed_wrapper' with type 'ros.ament_cmake' and name 'zed_wrapper'
[0.758s] Level 1:colcon.colcon_core.package_identification:_identify(src/ugv_lidar) by extensions ['ignore', 'ignore_ament_install']
[0.758s] Level 1:colcon.colcon_core.package_identification:_identify(src/ugv_lidar) by extension 'ignore'
[0.758s] Level 1:colcon.colcon_core.package_identification:_identify(src/ugv_lidar) by extension 'ignore_ament_install'
[0.758s] Level 1:colcon.colcon_core.package_identification:_identify(src/ugv_lidar) by extensions ['colcon_pkg']
[0.758s] Level 1:colcon.colcon_core.package_identification:_identify(src/ugv_lidar) by extension 'colcon_pkg'
[0.758s] Level 1:colcon.colcon_core.package_identification:_identify(src/ugv_lidar) by extensions ['colcon_meta']
[0.758s] Level 1:colcon.colcon_core.package_identification:_identify(src/ugv_lidar) by extension 'colcon_meta'
[0.758s] Level 1:colcon.colcon_core.package_identification:_identify(src/ugv_lidar) by extensions ['ros']
[0.758s] Level 1:colcon.colcon_core.package_identification:_identify(src/ugv_lidar) by extension 'ros'
[0.760s] DEBUG:colcon.colcon_core.package_identification:Package 'src/ugv_lidar' with type 'ros.ament_python' and name 'ugv_lidar'
[0.760s] Level 1:colcon.colcon_core.package_identification:_identify(src/ugv_nav) by extensions ['ignore', 'ignore_ament_install']
[0.760s] Level 1:colcon.colcon_core.package_identification:_identify(src/ugv_nav) by extension 'ignore'
[0.760s] Level 1:colcon.colcon_core.package_identification:_identify(src/ugv_nav) by extension 'ignore_ament_install'
[0.760s] Level 1:colcon.colcon_core.package_identification:_identify(src/ugv_nav) by extensions ['colcon_pkg']
[0.761s] Level 1:colcon.colcon_core.package_identification:_identify(src/ugv_nav) by extension 'colcon_pkg'
[0.761s] Level 1:colcon.colcon_core.package_identification:_identify(src/ugv_nav) by extensions ['colcon_meta']
[0.761s] Level 1:colcon.colcon_core.package_identification:_identify(src/ugv_nav) by extension 'colcon_meta'
[0.761s] Level 1:colcon.colcon_core.package_identification:_identify(src/ugv_nav) by extensions ['ros']
[0.761s] Level 1:colcon.colcon_core.package_identification:_identify(src/ugv_nav) by extension 'ros'
[0.761s] Level 1:colcon.colcon_core.package_identification:_identify(src/ugv_nav) by extensions ['cmake', 'python']
[0.761s] Level 1:colcon.colcon_core.package_identification:_identify(src/ugv_nav) by extension 'cmake'
[0.761s] Level 1:colcon.colcon_core.package_identification:_identify(src/ugv_nav) by extension 'python'
[0.761s] Level 1:colcon.colcon_core.package_identification:_identify(src/ugv_nav) by extensions ['python_setup_py']
[0.761s] Level 1:colcon.colcon_core.package_identification:_identify(src/ugv_nav) by extension 'python_setup_py'
[0.762s] Level 1:colcon.colcon_core.package_identification:_identify(src/ugv_nav/ugv_nav) by extensions ['ignore', 'ignore_ament_install']
[0.762s] Level 1:colcon.colcon_core.package_identification:_identify(src/ugv_nav/ugv_nav) by extension 'ignore'
[0.762s] Level 1:colcon.colcon_core.package_identification:_identify(src/ugv_nav/ugv_nav) by extension 'ignore_ament_install'
[0.762s] Level 1:colcon.colcon_core.package_identification:_identify(src/ugv_nav/ugv_nav) by extensions ['colcon_pkg']
[0.762s] Level 1:colcon.colcon_core.package_identification:_identify(src/ugv_nav/ugv_nav) by extension 'colcon_pkg'
[0.762s] Level 1:colcon.colcon_core.package_identification:_identify(src/ugv_nav/ugv_nav) by extensions ['colcon_meta']
[0.762s] Level 1:colcon.colcon_core.package_identification:_identify(src/ugv_nav/ugv_nav) by extension 'colcon_meta'
[0.762s] Level 1:colcon.colcon_core.package_identification:_identify(src/ugv_nav/ugv_nav) by extensions ['ros']
[0.762s] Level 1:colcon.colcon_core.package_identification:_identify(src/ugv_nav/ugv_nav) by extension 'ros'
[0.763s] Level 1:colcon.colcon_core.package_identification:_identify(src/ugv_nav/ugv_nav) by extensions ['cmake', 'python']
[0.763s] Level 1:colcon.colcon_core.package_identification:_identify(src/ugv_nav/ugv_nav) by extension 'cmake'
[0.763s] Level 1:colcon.colcon_core.package_identification:_identify(src/ugv_nav/ugv_nav) by extension 'python'
[0.763s] Level 1:colcon.colcon_core.package_identification:_identify(src/ugv_nav/ugv_nav) by extensions ['python_setup_py']
[0.763s] Level 1:colcon.colcon_core.package_identification:_identify(src/ugv_nav/ugv_nav) by extension 'python_setup_py'
[0.763s] Level 1:colcon.colcon_core.package_identification:_identify(src/ugv_perception) by extensions ['ignore', 'ignore_ament_install']
[0.763s] Level 1:colcon.colcon_core.package_identification:_identify(src/ugv_perception) by extension 'ignore'
[0.764s] Level 1:colcon.colcon_core.package_identification:_identify(src/ugv_perception) by extension 'ignore_ament_install'
[0.764s] Level 1:colcon.colcon_core.package_identification:_identify(src/ugv_perception) by extensions ['colcon_pkg']
[0.764s] Level 1:colcon.colcon_core.package_identification:_identify(src/ugv_perception) by extension 'colcon_pkg'
[0.764s] Level 1:colcon.colcon_core.package_identification:_identify(src/ugv_perception) by extensions ['colcon_meta']
[0.764s] Level 1:colcon.colcon_core.package_identification:_identify(src/ugv_perception) by extension 'colcon_meta'
[0.764s] Level 1:colcon.colcon_core.package_identification:_identify(src/ugv_perception) by extensions ['ros']
[0.764s] Level 1:colcon.colcon_core.package_identification:_identify(src/ugv_perception) by extension 'ros'
[0.765s] DEBUG:colcon.colcon_core.package_identification:Package 'src/ugv_perception' with type 'ros.ament_python' and name 'ugv_perception'
[0.765s] Level 1:colcon.colcon_core.package_identification:_identify(src/ugv_serial_odom) by extensions ['ignore', 'ignore_ament_install']
[0.766s] Level 1:colcon.colcon_core.package_identification:_identify(src/ugv_serial_odom) by extension 'ignore'
[0.766s] Level 1:colcon.colcon_core.package_identification:_identify(src/ugv_serial_odom) by extension 'ignore_ament_install'
[0.766s] Level 1:colcon.colcon_core.package_identification:_identify(src/ugv_serial_odom) by extensions ['colcon_pkg']
[0.766s] Level 1:colcon.colcon_core.package_identification:_identify(src/ugv_serial_odom) by extension 'colcon_pkg'
[0.766s] Level 1:colcon.colcon_core.package_identification:_identify(src/ugv_serial_odom) by extensions ['colcon_meta']
[0.766s] Level 1:colcon.colcon_core.package_identification:_identify(src/ugv_serial_odom) by extension 'colcon_meta'
[0.766s] Level 1:colcon.colcon_core.package_identification:_identify(src/ugv_serial_odom) by extensions ['ros']
[0.766s] Level 1:colcon.colcon_core.package_identification:_identify(src/ugv_serial_odom) by extension 'ros'
[0.768s] DEBUG:colcon.colcon_core.package_identification:Package 'src/ugv_serial_odom' with type 'ros.ament_python' and name 'ugv_serial_odom'
[0.768s] Level 1:colcon.colcon_core.package_identification:_identify(src/ugv_sim) by extensions ['ignore', 'ignore_ament_install']
[0.768s] Level 1:colcon.colcon_core.package_identification:_identify(src/ugv_sim) by extension 'ignore'
[0.768s] Level 1:colcon.colcon_core.package_identification:_identify(src/ugv_sim) by extension 'ignore_ament_install'
[0.768s] Level 1:colcon.colcon_core.package_identification:_identify(src/ugv_sim) by extensions ['colcon_pkg']
[0.768s] Level 1:colcon.colcon_core.package_identification:_identify(src/ugv_sim) by extension 'colcon_pkg'
[0.768s] Level 1:colcon.colcon_core.package_identification:_identify(src/ugv_sim) by extensions ['colcon_meta']
[0.768s] Level 1:colcon.colcon_core.package_identification:_identify(src/ugv_sim) by extension 'colcon_meta'
[0.769s] Level 1:colcon.colcon_core.package_identification:_identify(src/ugv_sim) by extensions ['ros']
[0.769s] Level 1:colcon.colcon_core.package_identification:_identify(src/ugv_sim) by extension 'ros'
[0.770s] DEBUG:colcon.colcon_core.package_identification:Package 'src/ugv_sim' with type 'ros.ament_cmake' and name 'ugv_sim'
[0.770s] Level 1:colcon.colcon_core.package_discovery:discover_packages(recursive) using defaults
[0.770s] Level 1:colcon.colcon_core.package_discovery:discover_packages(ignore) discover
[0.770s] Level 1:colcon.colcon_core.package_discovery:discover_packages(ignore) using defaults
[0.770s] Level 1:colcon.colcon_core.package_discovery:discover_packages(path) discover
[0.770s] Level 1:colcon.colcon_core.package_discovery:discover_packages(path) using defaults
[0.846s] Level 1:colcon.colcon_core.package_discovery:discover_packages(prefix_path) check parameters
[0.846s] Level 1:colcon.colcon_core.package_discovery:discover_packages(prefix_path) discover
[0.853s] DEBUG:colcon.colcon_installed_package_information.package_discovery:Found 11 installed packages in /home/bluelule/ugv_ws_albert/install
[0.854s] DEBUG:colcon.colcon_installed_package_information.package_discovery:Found 3 installed packages in /home/bluelule/ugv_ws_albert/microros_ws/install
[0.855s] DEBUG:colcon.colcon_installed_package_information.package_discovery:Found 6 installed packages in /home/bluelule/ugv_project/ros2_ws/install
[0.858s] DEBUG:colcon.colcon_installed_package_information.package_discovery:Found 309 installed packages in /opt/ros/humble
[0.860s] Level 1:colcon.colcon_core.package_discovery:discover_packages(prefix_path) using defaults
[0.945s] Level 5:colcon.colcon_core.verb:set package 'ugv_lidar' build argument 'cmake_args' from command line to 'None'
[0.945s] Level 5:colcon.colcon_core.verb:set package 'ugv_lidar' build argument 'cmake_target' from command line to 'None'
[0.945s] Level 5:colcon.colcon_core.verb:set package 'ugv_lidar' build argument 'cmake_target_skip_unavailable' from command line to 'False'
[0.946s] Level 5:colcon.colcon_core.verb:set package 'ugv_lidar' build argument 'cmake_clean_cache' from command line to 'False'
[0.946s] Level 5:colcon.colcon_core.verb:set package 'ugv_lidar' build argument 'cmake_clean_first' from command line to 'False'
[0.946s] Level 5:colcon.colcon_core.verb:set package 'ugv_lidar' build argument 'cmake_force_configure' from command line to 'False'
[0.946s] Level 5:colcon.colcon_core.verb:set package 'ugv_lidar' build argument 'ament_cmake_args' from command line to 'None'
[0.946s] Level 5:colcon.colcon_core.verb:set package 'ugv_lidar' build argument 'catkin_cmake_args' from command line to 'None'
[0.946s] Level 5:colcon.colcon_core.verb:set package 'ugv_lidar' build argument 'catkin_skip_building_tests' from command line to 'False'
[0.946s] DEBUG:colcon.colcon_core.verb:Building package 'ugv_lidar' with the following arguments: {'ament_cmake_args': None, 'build_base': '/home/bluelule/ugv_project/ros2_ws/build/ugv_lidar', 'catkin_cmake_args': None, 'catkin_skip_building_tests': False, 'cmake_args': None, 'cmake_clean_cache': False, 'cmake_clean_first': False, 'cmake_force_configure': False, 'cmake_target': None, 'cmake_target_skip_unavailable': False, 'install_base': '/home/bluelule/ugv_project/ros2_ws/install/ugv_lidar', 'merge_install': False, 'path': '/home/bluelule/ugv_project/ros2_ws/src/ugv_lidar', 'symlink_install': False, 'test_result_base': None}
[0.946s] Level 5:colcon.colcon_core.verb:set package 'ugv_perception' build argument 'cmake_args' from command line to 'None'
[0.947s] Level 5:colcon.colcon_core.verb:set package 'ugv_perception' build argument 'cmake_target' from command line to 'None'
[0.947s] Level 5:colcon.colcon_core.verb:set package 'ugv_perception' build argument 'cmake_target_skip_unavailable' from command line to 'False'
[0.947s] Level 5:colcon.colcon_core.verb:set package 'ugv_perception' build argument 'cmake_clean_cache' from command line to 'False'
[0.947s] Level 5:colcon.colcon_core.verb:set package 'ugv_perception' build argument 'cmake_clean_first' from command line to 'False'
[0.947s] Level 5:colcon.colcon_core.verb:set package 'ugv_perception' build argument 'cmake_force_configure' from command line to 'False'
[0.947s] Level 5:colcon.colcon_core.verb:set package 'ugv_perception' build argument 'ament_cmake_args' from command line to 'None'
[0.947s] Level 5:colcon.colcon_core.verb:set package 'ugv_perception' build argument 'catkin_cmake_args' from command line to 'None'
[0.947s] Level 5:colcon.colcon_core.verb:set package 'ugv_perception' build argument 'catkin_skip_building_tests' from command line to 'False'
[0.947s] DEBUG:colcon.colcon_core.verb:Building package 'ugv_perception' with the following arguments: {'ament_cmake_args': None, 'build_base': '/home/bluelule/ugv_project/ros2_ws/build/ugv_perception', 'catkin_cmake_args': None, 'catkin_skip_building_tests': False, 'cmake_args': None, 'cmake_clean_cache': False, 'cmake_clean_first': False, 'cmake_force_configure': False, 'cmake_target': None, 'cmake_target_skip_unavailable': False, 'install_base': '/home/bluelule/ugv_project/ros2_ws/install/ugv_perception', 'merge_install': False, 'path': '/home/bluelule/ugv_project/ros2_ws/src/ugv_perception', 'symlink_install': False, 'test_result_base': None}
[0.947s] Level 5:colcon.colcon_core.verb:set package 'ugv_serial_odom' build argument 'cmake_args' from command line to 'None'
[0.947s] Level 5:colcon.colcon_core.verb:set package 'ugv_serial_odom' build argument 'cmake_target' from command line to 'None'
[0.948s] Level 5:colcon.colcon_core.verb:set package 'ugv_serial_odom' build argument 'cmake_target_skip_unavailable' from command line to 'False'
[0.948s] Level 5:colcon.colcon_core.verb:set package 'ugv_serial_odom' build argument 'cmake_clean_cache' from command line to 'False'
[0.948s] Level 5:colcon.colcon_core.verb:set package 'ugv_serial_odom' build argument 'cmake_clean_first' from command line to 'False'
[0.948s] Level 5:colcon.colcon_core.verb:set package 'ugv_serial_odom' build argument 'cmake_force_configure' from command line to 'False'
[0.948s] Level 5:colcon.colcon_core.verb:set package 'ugv_serial_odom' build argument 'ament_cmake_args' from command line to 'None'
[0.948s] Level 5:colcon.colcon_core.verb:set package 'ugv_serial_odom' build argument 'catkin_cmake_args' from command line to 'None'
[0.948s] Level 5:colcon.colcon_core.verb:set package 'ugv_serial_odom' build argument 'catkin_skip_building_tests' from command line to 'False'
[0.948s] DEBUG:colcon.colcon_core.verb:Building package 'ugv_serial_odom' with the following arguments: {'ament_cmake_args': None, 'build_base': '/home/bluelule/ugv_project/ros2_ws/build/ugv_serial_odom', 'catkin_cmake_args': None, 'catkin_skip_building_tests': False, 'cmake_args': None, 'cmake_clean_cache': False, 'cmake_clean_first': False, 'cmake_force_configure': False, 'cmake_target': None, 'cmake_target_skip_unavailable': False, 'install_base': '/home/bluelule/ugv_project/ros2_ws/install/ugv_serial_odom', 'merge_install': False, 'path': '/home/bluelule/ugv_project/ros2_ws/src/ugv_serial_odom', 'symlink_install': False, 'test_result_base': None}
[0.948s] Level 5:colcon.colcon_core.verb:set package 'ugv_sim' build argument 'cmake_args' from command line to 'None'
[0.948s] Level 5:colcon.colcon_core.verb:set package 'ugv_sim' build argument 'cmake_target' from command line to 'None'
[0.948s] Level 5:colcon.colcon_core.verb:set package 'ugv_sim' build argument 'cmake_target_skip_unavailable' from command line to 'False'
[0.949s] Level 5:colcon.colcon_core.verb:set package 'ugv_sim' build argument 'cmake_clean_cache' from command line to 'False'
[0.949s] Level 5:colcon.colcon_core.verb:set package 'ugv_sim' build argument 'cmake_clean_first' from command line to 'False'
[0.949s] Level 5:colcon.colcon_core.verb:set package 'ugv_sim' build argument 'cmake_force_configure' from command line to 'False'
[0.949s] Level 5:colcon.colcon_core.verb:set package 'ugv_sim' build argument 'ament_cmake_args' from command line to 'None'
[0.949s] Level 5:colcon.colcon_core.verb:set package 'ugv_sim' build argument 'catkin_cmake_args' from command line to 'None'
[0.949s] Level 5:colcon.colcon_core.verb:set package 'ugv_sim' build argument 'catkin_skip_building_tests' from command line to 'False'
[0.949s] DEBUG:colcon.colcon_core.verb:Building package 'ugv_sim' with the following arguments: {'ament_cmake_args': None, 'build_base': '/home/bluelule/ugv_project/ros2_ws/build/ugv_sim', 'catkin_cmake_args': None, 'catkin_skip_building_tests': False, 'cmake_args': None, 'cmake_clean_cache': False, 'cmake_clean_first': False, 'cmake_force_configure': False, 'cmake_target': None, 'cmake_target_skip_unavailable': False, 'install_base': '/home/bluelule/ugv_project/ros2_ws/install/ugv_sim', 'merge_install': False, 'path': '/home/bluelule/ugv_project/ros2_ws/src/ugv_sim', 'symlink_install': False, 'test_result_base': None}
[0.949s] Level 5:colcon.colcon_core.verb:set package 'zed_components' build argument 'cmake_args' from command line to 'None'
[0.949s] Level 5:colcon.colcon_core.verb:set package 'zed_components' build argument 'cmake_target' from command line to 'None'
[0.949s] Level 5:colcon.colcon_core.verb:set package 'zed_components' build argument 'cmake_target_skip_unavailable' from command line to 'False'
[0.949s] Level 5:colcon.colcon_core.verb:set package 'zed_components' build argument 'cmake_clean_cache' from command line to 'False'
[0.949s] Level 5:colcon.colcon_core.verb:set package 'zed_components' build argument 'cmake_clean_first' from command line to 'False'
[0.950s] Level 5:colcon.colcon_core.verb:set package 'zed_components' build argument 'cmake_force_configure' from command line to 'False'
[0.950s] Level 5:colcon.colcon_core.verb:set package 'zed_components' build argument 'ament_cmake_args' from command line to 'None'
[0.950s] Level 5:colcon.colcon_core.verb:set package 'zed_components' build argument 'catkin_cmake_args' from command line to 'None'
[0.950s] Level 5:colcon.colcon_core.verb:set package 'zed_components' build argument 'catkin_skip_building_tests' from command line to 'False'
[0.950s] DEBUG:colcon.colcon_core.verb:Building package 'zed_components' with the following arguments: {'ament_cmake_args': None, 'build_base': '/home/bluelule/ugv_project/ros2_ws/build/zed_components', 'catkin_cmake_args': None, 'catkin_skip_building_tests': False, 'cmake_args': None, 'cmake_clean_cache': False, 'cmake_clean_first': False, 'cmake_force_configure': False, 'cmake_target': None, 'cmake_target_skip_unavailable': False, 'install_base': '/home/bluelule/ugv_project/ros2_ws/install/zed_components', 'merge_install': False, 'path': '/home/bluelule/ugv_project/ros2_ws/src/third_party/zed-ros2-wrapper/zed_components', 'symlink_install': False, 'test_result_base': None}
[0.950s] Level 5:colcon.colcon_core.verb:set package 'zed_wrapper' build argument 'cmake_args' from command line to 'None'
[0.950s] Level 5:colcon.colcon_core.verb:set package 'zed_wrapper' build argument 'cmake_target' from command line to 'None'
[0.950s] Level 5:colcon.colcon_core.verb:set package 'zed_wrapper' build argument 'cmake_target_skip_unavailable' from command line to 'False'
[0.950s] Level 5:colcon.colcon_core.verb:set package 'zed_wrapper' build argument 'cmake_clean_cache' from command line to 'False'
[0.950s] Level 5:colcon.colcon_core.verb:set package 'zed_wrapper' build argument 'cmake_clean_first' from command line to 'False'
[0.950s] Level 5:colcon.colcon_core.verb:set package 'zed_wrapper' build argument 'cmake_force_configure' from command line to 'False'
[0.951s] Level 5:colcon.colcon_core.verb:set package 'zed_wrapper' build argument 'ament_cmake_args' from command line to 'None'
[0.951s] Level 5:colcon.colcon_core.verb:set package 'zed_wrapper' build argument 'catkin_cmake_args' from command line to 'None'
[0.951s] Level 5:colcon.colcon_core.verb:set package 'zed_wrapper' build argument 'catkin_skip_building_tests' from command line to 'False'
[0.951s] DEBUG:colcon.colcon_core.verb:Building package 'zed_wrapper' with the following arguments: {'ament_cmake_args': None, 'build_base': '/home/bluelule/ugv_project/ros2_ws/build/zed_wrapper', 'catkin_cmake_args': None, 'catkin_skip_building_tests': False, 'cmake_args': None, 'cmake_clean_cache': False, 'cmake_clean_first': False, 'cmake_force_configure': False, 'cmake_target': None, 'cmake_target_skip_unavailable': False, 'install_base': '/home/bluelule/ugv_project/ros2_ws/install/zed_wrapper', 'merge_install': False, 'path': '/home/bluelule/ugv_project/ros2_ws/src/third_party/zed-ros2-wrapper/zed_wrapper', 'symlink_install': False, 'test_result_base': None}
[0.951s] Level 5:colcon.colcon_core.verb:set package 'zed_ros2' build argument 'cmake_args' from command line to 'None'
[0.951s] Level 5:colcon.colcon_core.verb:set package 'zed_ros2' build argument 'cmake_target' from command line to 'None'
[0.951s] Level 5:colcon.colcon_core.verb:set package 'zed_ros2' build argument 'cmake_target_skip_unavailable' from command line to 'False'
[0.951s] Level 5:colcon.colcon_core.verb:set package 'zed_ros2' build argument 'cmake_clean_cache' from command line to 'False'
[0.951s] Level 5:colcon.colcon_core.verb:set package 'zed_ros2' build argument 'cmake_clean_first' from command line to 'False'
[0.951s] Level 5:colcon.colcon_core.verb:set package 'zed_ros2' build argument 'cmake_force_configure' from command line to 'False'
[0.951s] Level 5:colcon.colcon_core.verb:set package 'zed_ros2' build argument 'ament_cmake_args' from command line to 'None'
[0.952s] Level 5:colcon.colcon_core.verb:set package 'zed_ros2' build argument 'catkin_cmake_args' from command line to 'None'
[0.952s] Level 5:colcon.colcon_core.verb:set package 'zed_ros2' build argument 'catkin_skip_building_tests' from command line to 'False'
[0.952s] DEBUG:colcon.colcon_core.verb:Building package 'zed_ros2' with the following arguments: {'ament_cmake_args': None, 'build_base': '/home/bluelule/ugv_project/ros2_ws/build/zed_ros2', 'catkin_cmake_args': None, 'catkin_skip_building_tests': False, 'cmake_args': None, 'cmake_clean_cache': False, 'cmake_clean_first': False, 'cmake_force_configure': False, 'cmake_target': None, 'cmake_target_skip_unavailable': False, 'install_base': '/home/bluelule/ugv_project/ros2_ws/install/zed_ros2', 'merge_install': False, 'path': '/home/bluelule/ugv_project/ros2_ws/src/third_party/zed-ros2-wrapper/zed_ros2', 'symlink_install': False, 'test_result_base': None}
[0.952s] INFO:colcon.colcon_core.executor:Executing jobs using 'parallel' executor
[0.954s] DEBUG:colcon.colcon_parallel_executor.executor.parallel:run_until_complete
[0.954s] INFO:colcon.colcon_ros.task.ament_cmake.build:Building ROS package in '/home/bluelule/ugv_project/ros2_ws/src/third_party/zed-ros2-wrapper/zed_components' with build type 'ament_cmake'
[0.955s] INFO:colcon.colcon_cmake.task.cmake.build:Building CMake package in '/home/bluelule/ugv_project/ros2_ws/src/third_party/zed-ros2-wrapper/zed_components'
[0.961s] INFO:colcon.colcon_core.plugin_system:Skipping extension 'colcon_core.shell.bat': Not used on non-Windows systems
[0.961s] INFO:colcon.colcon_core.shell:Skip shell extension 'powershell' for command environment: Not usable outside of PowerShell
[0.961s] DEBUG:colcon.colcon_core.shell:Skip shell extension 'dsv' for command environment
[0.971s] INFO:colcon.colcon_ros.task.ament_python.build:Building ROS package in '/home/bluelule/ugv_project/ros2_ws/src/ugv_lidar' with build type 'ament_python'
[0.972s] Level 1:colcon.colcon_core.shell:create_environment_hook('ugv_lidar', 'ament_prefix_path')
[0.972s] INFO:colcon.colcon_core.shell:Creating environment hook '/home/bluelule/ugv_project/ros2_ws/install/ugv_lidar/share/ugv_lidar/hook/ament_prefix_path.ps1'
[0.974s] INFO:colcon.colcon_core.shell:Creating environment descriptor '/home/bluelule/ugv_project/ros2_ws/install/ugv_lidar/share/ugv_lidar/hook/ament_prefix_path.dsv'
[0.975s] INFO:colcon.colcon_core.shell:Creating environment hook '/home/bluelule/ugv_project/ros2_ws/install/ugv_lidar/share/ugv_lidar/hook/ament_prefix_path.sh'
[0.976s] INFO:colcon.colcon_core.shell:Skip shell extension 'powershell' for command environment: Not usable outside of PowerShell
[0.976s] DEBUG:colcon.colcon_core.shell:Skip shell extension 'dsv' for command environment
[0.985s] INFO:colcon.colcon_ros.task.ament_python.build:Building ROS package in '/home/bluelule/ugv_project/ros2_ws/src/ugv_perception' with build type 'ament_python'
[0.985s] Level 1:colcon.colcon_core.shell:create_environment_hook('ugv_perception', 'ament_prefix_path')
[0.985s] INFO:colcon.colcon_core.shell:Creating environment hook '/home/bluelule/ugv_project/ros2_ws/install/ugv_perception/share/ugv_perception/hook/ament_prefix_path.ps1'
[0.986s] INFO:colcon.colcon_core.shell:Creating environment descriptor '/home/bluelule/ugv_project/ros2_ws/install/ugv_perception/share/ugv_perception/hook/ament_prefix_path.dsv'
[0.987s] INFO:colcon.colcon_core.shell:Creating environment hook '/home/bluelule/ugv_project/ros2_ws/install/ugv_perception/share/ugv_perception/hook/ament_prefix_path.sh'
[0.988s] INFO:colcon.colcon_core.shell:Skip shell extension 'powershell' for command environment: Not usable outside of PowerShell
[0.988s] DEBUG:colcon.colcon_core.shell:Skip shell extension 'dsv' for command environment
[0.996s] INFO:colcon.colcon_ros.task.ament_python.build:Building ROS package in '/home/bluelule/ugv_project/ros2_ws/src/ugv_serial_odom' with build type 'ament_python'
[0.996s] Level 1:colcon.colcon_core.shell:create_environment_hook('ugv_serial_odom', 'ament_prefix_path')
[0.997s] INFO:colcon.colcon_core.shell:Creating environment hook '/home/bluelule/ugv_project/ros2_ws/install/ugv_serial_odom/share/ugv_serial_odom/hook/ament_prefix_path.ps1'
[0.998s] INFO:colcon.colcon_core.shell:Creating environment descriptor '/home/bluelule/ugv_project/ros2_ws/install/ugv_serial_odom/share/ugv_serial_odom/hook/ament_prefix_path.dsv'
[0.999s] INFO:colcon.colcon_core.shell:Creating environment hook '/home/bluelule/ugv_project/ros2_ws/install/ugv_serial_odom/share/ugv_serial_odom/hook/ament_prefix_path.sh'
[1.000s] INFO:colcon.colcon_core.shell:Skip shell extension 'powershell' for command environment: Not usable outside of PowerShell
[1.000s] DEBUG:colcon.colcon_core.shell:Skip shell extension 'dsv' for command environment
[1.008s] INFO:colcon.colcon_ros.task.ament_cmake.build:Building ROS package in '/home/bluelule/ugv_project/ros2_ws/src/ugv_sim' with build type 'ament_cmake'
[1.008s] INFO:colcon.colcon_cmake.task.cmake.build:Building CMake package in '/home/bluelule/ugv_project/ros2_ws/src/ugv_sim'
[1.009s] INFO:colcon.colcon_core.shell:Skip shell extension 'powershell' for command environment: Not usable outside of PowerShell
[1.009s] DEBUG:colcon.colcon_core.shell:Skip shell extension 'dsv' for command environment
[1.024s] DEBUG:colcon.colcon_core.event_handler.log_command:Invoking command in '/home/bluelule/ugv_project/ros2_ws/build/zed_components': CMAKE_PREFIX_PATH=${CMAKE_PREFIX_PATH}:/home/bluelule/ugv_ws_albert/install/ugv_perception:/home/bluelule/ugv_ws_albert/install/ugv_nav:/home/bluelule/ugv_ws_albert/install/ugv_autonomy:/home/bluelule/ugv_project/ros2_ws/install/ugv_serial_odom:/home/bluelule/ugv_project/ros2_ws/install/ugv_perception:/home/bluelule/ugv_project/ros2_ws/install/ugv_lidar:/opt/ros/humble /usr/bin/cmake /home/bluelule/ugv_project/ros2_ws/src/third_party/zed-ros2-wrapper/zed_components -DCMAKE_INSTALL_PREFIX=/home/bluelule/ugv_project/ros2_ws/install/zed_components
[1.540s] INFO:colcon.colcon_core.task.python.build:Building Python package in '/home/bluelule/ugv_project/ros2_ws/src/ugv_lidar'
[1.541s] INFO:colcon.colcon_core.shell:Skip shell extension 'powershell' for command environment: Not usable outside of PowerShell
[1.541s] DEBUG:colcon.colcon_core.shell:Skip shell extension 'dsv' for command environment
[2.053s] INFO:colcon.colcon_core.task.python.build:Building Python package in '/home/bluelule/ugv_project/ros2_ws/src/ugv_perception'
[2.054s] INFO:colcon.colcon_core.shell:Skip shell extension 'powershell' for command environment: Not usable outside of PowerShell
[2.054s] DEBUG:colcon.colcon_core.shell:Skip shell extension 'dsv' for command environment
[2.562s] INFO:colcon.colcon_core.task.python.build:Building Python package in '/home/bluelule/ugv_project/ros2_ws/src/ugv_serial_odom'
[2.564s] INFO:colcon.colcon_core.shell:Skip shell extension 'powershell' for command environment: Not usable outside of PowerShell
[2.564s] DEBUG:colcon.colcon_core.shell:Skip shell extension 'dsv' for command environment
[2.591s] DEBUG:colcon.colcon_core.event_handler.log_command:Invoking command in '/home/bluelule/ugv_project/ros2_ws/build/ugv_sim': CMAKE_PREFIX_PATH=${CMAKE_PREFIX_PATH}:/home/bluelule/ugv_ws_albert/install/ugv_perception:/home/bluelule/ugv_ws_albert/install/ugv_nav:/home/bluelule/ugv_ws_albert/install/ugv_autonomy:/home/bluelule/ugv_project/ros2_ws/install/ugv_serial_odom:/home/bluelule/ugv_project/ros2_ws/install/ugv_perception:/home/bluelule/ugv_project/ros2_ws/install/ugv_lidar:/opt/ros/humble /usr/bin/cmake /home/bluelule/ugv_project/ros2_ws/src/ugv_sim -DCMAKE_INSTALL_PREFIX=/home/bluelule/ugv_project/ros2_ws/install/ugv_sim
[2.975s] DEBUG:colcon.colcon_core.event_handler.log_command:Invoked command in '/home/bluelule/ugv_project/ros2_ws/build/zed_components' returned '0': CMAKE_PREFIX_PATH=${CMAKE_PREFIX_PATH}:/home/bluelule/ugv_ws_albert/install/ugv_perception:/home/bluelule/ugv_ws_albert/install/ugv_nav:/home/bluelule/ugv_ws_albert/install/ugv_autonomy:/home/bluelule/ugv_project/ros2_ws/install/ugv_serial_odom:/home/bluelule/ugv_project/ros2_ws/install/ugv_perception:/home/bluelule/ugv_project/ros2_ws/install/ugv_lidar:/opt/ros/humble /usr/bin/cmake /home/bluelule/ugv_project/ros2_ws/src/third_party/zed-ros2-wrapper/zed_components -DCMAKE_INSTALL_PREFIX=/home/bluelule/ugv_project/ros2_ws/install/zed_components
[2.976s] DEBUG:colcon.colcon_core.event_handler.log_command:Invoking command in '/home/bluelule/ugv_project/ros2_ws/build/zed_components': CMAKE_PREFIX_PATH=${CMAKE_PREFIX_PATH}:/home/bluelule/ugv_ws_albert/install/ugv_perception:/home/bluelule/ugv_ws_albert/install/ugv_nav:/home/bluelule/ugv_ws_albert/install/ugv_autonomy:/home/bluelule/ugv_project/ros2_ws/install/ugv_serial_odom:/home/bluelule/ugv_project/ros2_ws/install/ugv_perception:/home/bluelule/ugv_project/ros2_ws/install/ugv_lidar:/opt/ros/humble /usr/bin/cmake --build /home/bluelule/ugv_project/ros2_ws/build/zed_components -- -j6 -l6
[3.197s] DEBUG:colcon.colcon_core.event_handler.log_command:Invoked command in '/home/bluelule/ugv_project/ros2_ws/build/zed_components' returned '0': CMAKE_PREFIX_PATH=${CMAKE_PREFIX_PATH}:/home/bluelule/ugv_ws_albert/install/ugv_perception:/home/bluelule/ugv_ws_albert/install/ugv_nav:/home/bluelule/ugv_ws_albert/install/ugv_autonomy:/home/bluelule/ugv_project/ros2_ws/install/ugv_serial_odom:/home/bluelule/ugv_project/ros2_ws/install/ugv_perception:/home/bluelule/ugv_project/ros2_ws/install/ugv_lidar:/opt/ros/humble /usr/bin/cmake --build /home/bluelule/ugv_project/ros2_ws/build/zed_components -- -j6 -l6
[3.219s] DEBUG:colcon.colcon_core.event_handler.log_command:Invoking command in '/home/bluelule/ugv_project/ros2_ws/build/zed_components': CMAKE_PREFIX_PATH=${CMAKE_PREFIX_PATH}:/home/bluelule/ugv_ws_albert/install/ugv_perception:/home/bluelule/ugv_ws_albert/install/ugv_nav:/home/bluelule/ugv_ws_albert/install/ugv_autonomy:/home/bluelule/ugv_project/ros2_ws/install/ugv_serial_odom:/home/bluelule/ugv_project/ros2_ws/install/ugv_perception:/home/bluelule/ugv_project/ros2_ws/install/ugv_lidar:/opt/ros/humble /usr/bin/cmake --install /home/bluelule/ugv_project/ros2_ws/build/zed_components
[3.277s] Level 1:colcon.colcon_core.environment:create_environment_scripts_only(zed_components)
[3.279s] DEBUG:colcon.colcon_core.event_handler.log_command:Invoked command in '/home/bluelule/ugv_project/ros2_ws/build/zed_components' returned '0': CMAKE_PREFIX_PATH=${CMAKE_PREFIX_PATH}:/home/bluelule/ugv_ws_albert/install/ugv_perception:/home/bluelule/ugv_ws_albert/install/ugv_nav:/home/bluelule/ugv_ws_albert/install/ugv_autonomy:/home/bluelule/ugv_project/ros2_ws/install/ugv_serial_odom:/home/bluelule/ugv_project/ros2_ws/install/ugv_perception:/home/bluelule/ugv_project/ros2_ws/install/ugv_lidar:/opt/ros/humble /usr/bin/cmake --install /home/bluelule/ugv_project/ros2_ws/build/zed_components
[3.286s] Level 1:colcon.colcon_core.environment:checking '/home/bluelule/ugv_project/ros2_ws/install/zed_components' for CMake module files
[3.288s] Level 1:colcon.colcon_core.environment:checking '/home/bluelule/ugv_project/ros2_ws/install/zed_components' for CMake config files
[3.288s] Level 1:colcon.colcon_core.shell:create_environment_hook('zed_components', 'cmake_prefix_path')
[3.288s] INFO:colcon.colcon_core.shell:Creating environment hook '/home/bluelule/ugv_project/ros2_ws/install/zed_components/share/zed_components/hook/cmake_prefix_path.ps1'
[3.290s] INFO:colcon.colcon_core.shell:Creating environment descriptor '/home/bluelule/ugv_project/ros2_ws/install/zed_components/share/zed_components/hook/cmake_prefix_path.dsv'
[3.291s] INFO:colcon.colcon_core.shell:Creating environment hook '/home/bluelule/ugv_project/ros2_ws/install/zed_components/share/zed_components/hook/cmake_prefix_path.sh'
[3.292s] Level 1:colcon.colcon_core.environment:checking '/home/bluelule/ugv_project/ros2_ws/install/zed_components/lib'
[3.293s] Level 1:colcon.colcon_core.shell:create_environment_hook('zed_components', 'ld_library_path_lib')
[3.293s] INFO:colcon.colcon_core.shell:Creating environment hook '/home/bluelule/ugv_project/ros2_ws/install/zed_components/share/zed_components/hook/ld_library_path_lib.ps1'
[3.294s] INFO:colcon.colcon_core.shell:Creating environment descriptor '/home/bluelule/ugv_project/ros2_ws/install/zed_components/share/zed_components/hook/ld_library_path_lib.dsv'
[3.295s] INFO:colcon.colcon_core.shell:Creating environment hook '/home/bluelule/ugv_project/ros2_ws/install/zed_components/share/zed_components/hook/ld_library_path_lib.sh'
[3.296s] Level 1:colcon.colcon_core.environment:checking '/home/bluelule/ugv_project/ros2_ws/install/zed_components/bin'
[3.296s] Level 1:colcon.colcon_core.environment:checking '/home/bluelule/ugv_project/ros2_ws/install/zed_components/lib/pkgconfig/zed_components.pc'
[3.297s] Level 1:colcon.colcon_core.environment:checking '/home/bluelule/ugv_project/ros2_ws/install/zed_components/lib/python3.10/site-packages'
[3.298s] Level 1:colcon.colcon_core.environment:checking '/home/bluelule/ugv_project/ros2_ws/install/zed_components/bin'
[3.298s] INFO:colcon.colcon_core.shell:Creating package script '/home/bluelule/ugv_project/ros2_ws/install/zed_components/share/zed_components/package.ps1'
[3.300s] INFO:colcon.colcon_core.shell:Creating package descriptor '/home/bluelule/ugv_project/ros2_ws/install/zed_components/share/zed_components/package.dsv'
[3.302s] INFO:colcon.colcon_core.shell:Creating package script '/home/bluelule/ugv_project/ros2_ws/install/zed_components/share/zed_components/package.sh'
[3.303s] INFO:colcon.colcon_core.shell:Creating package script '/home/bluelule/ugv_project/ros2_ws/install/zed_components/share/zed_components/package.bash'
[3.306s] INFO:colcon.colcon_core.shell:Creating package script '/home/bluelule/ugv_project/ros2_ws/install/zed_components/share/zed_components/package.zsh'
[3.307s] Level 1:colcon.colcon_core.environment:create_file_with_runtime_dependencies(/home/bluelule/ugv_project/ros2_ws/install/zed_components/share/colcon-core/packages/zed_components)
[3.309s] Level 1:colcon.colcon_core.environment:create_environment_scripts_only(zed_components)
[3.309s] Level 1:colcon.colcon_core.environment:checking '/home/bluelule/ugv_project/ros2_ws/install/zed_components' for CMake module files
[3.310s] Level 1:colcon.colcon_core.environment:checking '/home/bluelule/ugv_project/ros2_ws/install/zed_components' for CMake config files
[3.310s] Level 1:colcon.colcon_core.shell:create_environment_hook('zed_components', 'cmake_prefix_path')
[3.311s] INFO:colcon.colcon_core.shell:Creating environment hook '/home/bluelule/ugv_project/ros2_ws/install/zed_components/share/zed_components/hook/cmake_prefix_path.ps1'
[3.312s] INFO:colcon.colcon_core.shell:Creating environment descriptor '/home/bluelule/ugv_project/ros2_ws/install/zed_components/share/zed_components/hook/cmake_prefix_path.dsv'
[3.313s] INFO:colcon.colcon_core.shell:Creating environment hook '/home/bluelule/ugv_project/ros2_ws/install/zed_components/share/zed_components/hook/cmake_prefix_path.sh'
[3.314s] Level 1:colcon.colcon_core.environment:checking '/home/bluelule/ugv_project/ros2_ws/install/zed_components/lib'
[3.314s] Level 1:colcon.colcon_core.shell:create_environment_hook('zed_components', 'ld_library_path_lib')
[3.314s] INFO:colcon.colcon_core.shell:Creating environment hook '/home/bluelule/ugv_project/ros2_ws/install/zed_components/share/zed_components/hook/ld_library_path_lib.ps1'
[3.315s] INFO:colcon.colcon_core.shell:Creating environment descriptor '/home/bluelule/ugv_project/ros2_ws/install/zed_components/share/zed_components/hook/ld_library_path_lib.dsv'
[3.316s] INFO:colcon.colcon_core.shell:Creating environment hook '/home/bluelule/ugv_project/ros2_ws/install/zed_components/share/zed_components/hook/ld_library_path_lib.sh'
[3.317s] Level 1:colcon.colcon_core.environment:checking '/home/bluelule/ugv_project/ros2_ws/install/zed_components/bin'
[3.317s] Level 1:colcon.colcon_core.environment:checking '/home/bluelule/ugv_project/ros2_ws/install/zed_components/lib/pkgconfig/zed_components.pc'
[3.317s] Level 1:colcon.colcon_core.environment:checking '/home/bluelule/ugv_project/ros2_ws/install/zed_components/lib/python3.10/site-packages'
[3.318s] Level 1:colcon.colcon_core.environment:checking '/home/bluelule/ugv_project/ros2_ws/install/zed_components/bin'
[3.319s] INFO:colcon.colcon_core.shell:Creating package script '/home/bluelule/ugv_project/ros2_ws/install/zed_components/share/zed_components/package.ps1'
[3.320s] INFO:colcon.colcon_core.shell:Creating package descriptor '/home/bluelule/ugv_project/ros2_ws/install/zed_components/share/zed_components/package.dsv'
[3.321s] INFO:colcon.colcon_core.shell:Creating package script '/home/bluelule/ugv_project/ros2_ws/install/zed_components/share/zed_components/package.sh'
[3.322s] INFO:colcon.colcon_core.shell:Creating package script '/home/bluelule/ugv_project/ros2_ws/install/zed_components/share/zed_components/package.bash'
[3.323s] INFO:colcon.colcon_core.shell:Creating package script '/home/bluelule/ugv_project/ros2_ws/install/zed_components/share/zed_components/package.zsh'
[3.324s] Level 1:colcon.colcon_core.environment:create_file_with_runtime_dependencies(/home/bluelule/ugv_project/ros2_ws/install/zed_components/share/colcon-core/packages/zed_components)
[3.326s] INFO:colcon.colcon_ros.task.ament_cmake.build:Building ROS package in '/home/bluelule/ugv_project/ros2_ws/src/third_party/zed-ros2-wrapper/zed_wrapper' with build type 'ament_cmake'
[3.326s] INFO:colcon.colcon_cmake.task.cmake.build:Building CMake package in '/home/bluelule/ugv_project/ros2_ws/src/third_party/zed-ros2-wrapper/zed_wrapper'
[3.327s] INFO:colcon.colcon_core.shell:Skip shell extension 'powershell' for command environment: Not usable outside of PowerShell
[3.327s] DEBUG:colcon.colcon_core.shell:Skip shell extension 'dsv' for command environment
[3.351s] DEBUG:colcon.colcon_core.event_handler.log_command:Invoking command in '/home/bluelule/ugv_project/ros2_ws/build/zed_wrapper': CMAKE_PREFIX_PATH=/home/bluelule/ugv_project/ros2_ws/install/zed_components:/home/bluelule/ugv_ws_albert/microros_ws/install/micro_ros_setup:/home/bluelule/ugv_ws_albert/microros_ws/install/micro_ros_agent:/home/bluelule/ugv_ws_albert/microros_ws/install/micro_ros_msgs:/home/bluelule/ugv_ws_albert/install/zed_ros2:/home/bluelule/ugv_ws_albert/install/zed_wrapper:/home/bluelule/ugv_ws_albert/install/zed_components:/home/bluelule/ugv_ws_albert/install/sllidar_ros2:/home/bluelule/ugv_ws_albert/install/motor_control:/home/bluelule/ugv_ws_albert/install/micro_ros_setup:/home/bluelule/ugv_ws_albert/install/micro_ros_agent:/home/bluelule/ugv_ws_albert/install/micro_ros_msgs:/home/bluelule/ugv_project/ros2_ws/install/zed_ros2:/home/bluelule/ugv_project/ros2_ws/install/zed_wrapper:/home/bluelule/ugv_ws_albert/install/ugv_perception:/home/bluelule/ugv_ws_albert/install/ugv_nav:/home/bluelule/ugv_ws_albert/install/ugv_autonomy:/home/bluelule/ugv_project/ros2_ws/install/ugv_serial_odom:/home/bluelule/ugv_project/ros2_ws/install/ugv_perception:/home/bluelule/ugv_project/ros2_ws/install/ugv_lidar:/opt/ros/humble LD_LIBRARY_PATH=/home/bluelule/ugv_project/ros2_ws/install/zed_components/lib:/home/bluelule/ugv_ws_albert/microros_ws/install/micro_ros_agent/lib:/home/bluelule/ugv_ws_albert/microros_ws/install/micro_ros_msgs/lib:/home/bluelule/ugv_ws_albert/install/zed_components/lib:/home/bluelule/ugv_ws_albert/install/micro_ros_agent/lib:/home/bluelule/ugv_ws_albert/install/micro_ros_msgs/lib:/opt/ros/humble/opt/rviz_ogre_vendor/lib:/opt/ros/humble/lib/aarch64-linux-gnu:/opt/ros/humble/lib:/usr/local/cuda-12.6/lib64 /usr/bin/cmake /home/bluelule/ugv_project/ros2_ws/src/third_party/zed-ros2-wrapper/zed_wrapper -DCMAKE_INSTALL_PREFIX=/home/bluelule/ugv_project/ros2_ws/install/zed_wrapper
[3.442s] DEBUG:colcon.colcon_core.event_handler.log_command:Invoking command in '/home/bluelule/ugv_project/ros2_ws/build/ugv_lidar': PYTHONPATH=/home/bluelule/ugv_project/ros2_ws/build/ugv_lidar/prefix_override:/usr/lib/python3/dist-packages/colcon_core/task/python/colcon_distutils_commands:/home/bluelule/ugv_project/ros2_ws/install/ugv_lidar/lib/python3.10/site-packages:${PYTHONPATH} /usr/bin/python3 -W ignore:setup.py install is deprecated -W ignore:easy_install command is deprecated setup.py develop --uninstall --editable --build-directory /home/bluelule/ugv_project/ros2_ws/build/ugv_lidar/build
[3.446s] DEBUG:colcon.colcon_core.event_handler.log_command:Invoking command in '/home/bluelule/ugv_project/ros2_ws/build/ugv_perception': PYTHONPATH=/home/bluelule/ugv_project/ros2_ws/build/ugv_perception/prefix_override:/usr/lib/python3/dist-packages/colcon_core/task/python/colcon_distutils_commands:/home/bluelule/ugv_project/ros2_ws/install/ugv_perception/lib/python3.10/site-packages:${PYTHONPATH} /usr/bin/python3 -W ignore:setup.py install is deprecated -W ignore:easy_install command is deprecated setup.py develop --uninstall --editable --build-directory /home/bluelule/ugv_project/ros2_ws/build/ugv_perception/build
[3.450s] DEBUG:colcon.colcon_core.event_handler.log_command:Invoking command in '/home/bluelule/ugv_project/ros2_ws/src/ugv_serial_odom': PYTHONPATH=/home/bluelule/ugv_project/ros2_ws/build/ugv_serial_odom/prefix_override:/usr/lib/python3/dist-packages/colcon_core/task/python/colcon_distutils_commands:/home/bluelule/ugv_project/ros2_ws/install/ugv_serial_odom/lib/python3.10/site-packages:${PYTHONPATH} /usr/bin/python3 -W ignore:setup.py install is deprecated -W ignore:easy_install command is deprecated setup.py egg_info --egg-base ../../build/ugv_serial_odom build --build-base /home/bluelule/ugv_project/ros2_ws/build/ugv_serial_odom/build install --record /home/bluelule/ugv_project/ros2_ws/build/ugv_serial_odom/install.log --single-version-externally-managed install_data
[4.010s] DEBUG:colcon.colcon_core.event_handler.log_command:Invoked command in '/home/bluelule/ugv_project/ros2_ws/build/ugv_sim' returned '0': CMAKE_PREFIX_PATH=${CMAKE_PREFIX_PATH}:/home/bluelule/ugv_ws_albert/install/ugv_perception:/home/bluelule/ugv_ws_albert/install/ugv_nav:/home/bluelule/ugv_ws_albert/install/ugv_autonomy:/home/bluelule/ugv_project/ros2_ws/install/ugv_serial_odom:/home/bluelule/ugv_project/ros2_ws/install/ugv_perception:/home/bluelule/ugv_project/ros2_ws/install/ugv_lidar:/opt/ros/humble /usr/bin/cmake /home/bluelule/ugv_project/ros2_ws/src/ugv_sim -DCMAKE_INSTALL_PREFIX=/home/bluelule/ugv_project/ros2_ws/install/ugv_sim
[4.011s] DEBUG:colcon.colcon_core.event_handler.log_command:Invoking command in '/home/bluelule/ugv_project/ros2_ws/build/ugv_sim': CMAKE_PREFIX_PATH=${CMAKE_PREFIX_PATH}:/home/bluelule/ugv_ws_albert/install/ugv_perception:/home/bluelule/ugv_ws_albert/install/ugv_nav:/home/bluelule/ugv_ws_albert/install/ugv_autonomy:/home/bluelule/ugv_project/ros2_ws/install/ugv_serial_odom:/home/bluelule/ugv_project/ros2_ws/install/ugv_perception:/home/bluelule/ugv_project/ros2_ws/install/ugv_lidar:/opt/ros/humble /usr/bin/cmake --build /home/bluelule/ugv_project/ros2_ws/build/ugv_sim -- -j6 -l6
[4.072s] Level 1:colcon.colcon_core.environment:checking '/home/bluelule/ugv_project/ros2_ws/install/ugv_serial_odom' for CMake module files
[4.073s] Level 1:colcon.colcon_core.environment:checking '/home/bluelule/ugv_project/ros2_ws/install/ugv_serial_odom' for CMake config files
[4.074s] Level 1:colcon.colcon_core.environment:checking '/home/bluelule/ugv_project/ros2_ws/install/ugv_serial_odom/lib'
[4.075s] DEBUG:colcon.colcon_core.event_handler.log_command:Invoked command in '/home/bluelule/ugv_project/ros2_ws/src/ugv_serial_odom' returned '0': PYTHONPATH=/home/bluelule/ugv_project/ros2_ws/build/ugv_serial_odom/prefix_override:/usr/lib/python3/dist-packages/colcon_core/task/python/colcon_distutils_commands:/home/bluelule/ugv_project/ros2_ws/install/ugv_serial_odom/lib/python3.10/site-packages:${PYTHONPATH} /usr/bin/python3 -W ignore:setup.py install is deprecated -W ignore:easy_install command is deprecated setup.py egg_info --egg-base ../../build/ugv_serial_odom build --build-base /home/bluelule/ugv_project/ros2_ws/build/ugv_serial_odom/build install --record /home/bluelule/ugv_project/ros2_ws/build/ugv_serial_odom/install.log --single-version-externally-managed install_data
[4.075s] Level 1:colcon.colcon_core.environment:checking '/home/bluelule/ugv_project/ros2_ws/install/ugv_serial_odom/bin'
[4.076s] Level 1:colcon.colcon_core.environment:checking '/home/bluelule/ugv_project/ros2_ws/install/ugv_serial_odom/lib/pkgconfig/ugv_serial_odom.pc'
[4.076s] Level 1:colcon.colcon_core.environment:checking '/home/bluelule/ugv_project/ros2_ws/install/ugv_serial_odom/lib/python3.10/site-packages'
[4.076s] Level 1:colcon.colcon_core.shell:create_environment_hook('ugv_serial_odom', 'pythonpath')
[4.077s] INFO:colcon.colcon_core.shell:Creating environment hook '/home/bluelule/ugv_project/ros2_ws/install/ugv_serial_odom/share/ugv_serial_odom/hook/pythonpath.ps1'
[4.078s] INFO:colcon.colcon_core.shell:Creating environment descriptor '/home/bluelule/ugv_project/ros2_ws/install/ugv_serial_odom/share/ugv_serial_odom/hook/pythonpath.dsv'
[4.079s] INFO:colcon.colcon_core.shell:Creating environment hook '/home/bluelule/ugv_project/ros2_ws/install/ugv_serial_odom/share/ugv_serial_odom/hook/pythonpath.sh'
[4.080s] Level 1:colcon.colcon_core.environment:checking '/home/bluelule/ugv_project/ros2_ws/install/ugv_serial_odom/bin'
[4.080s] Level 1:colcon.colcon_core.environment:create_environment_scripts_only(ugv_serial_odom)
[4.081s] INFO:colcon.colcon_core.shell:Creating package script '/home/bluelule/ugv_project/ros2_ws/install/ugv_serial_odom/share/ugv_serial_odom/package.ps1'
[4.082s] INFO:colcon.colcon_core.shell:Creating package descriptor '/home/bluelule/ugv_project/ros2_ws/install/ugv_serial_odom/share/ugv_serial_odom/package.dsv'
[4.083s] INFO:colcon.colcon_core.shell:Creating package script '/home/bluelule/ugv_project/ros2_ws/install/ugv_serial_odom/share/ugv_serial_odom/package.sh'
[4.084s] INFO:colcon.colcon_core.shell:Creating package script '/home/bluelule/ugv_project/ros2_ws/install/ugv_serial_odom/share/ugv_serial_odom/package.bash'
[4.085s] INFO:colcon.colcon_core.shell:Creating package script '/home/bluelule/ugv_project/ros2_ws/install/ugv_serial_odom/share/ugv_serial_odom/package.zsh'
[4.086s] Level 1:colcon.colcon_core.environment:create_file_with_runtime_dependencies(/home/bluelule/ugv_project/ros2_ws/install/ugv_serial_odom/share/colcon-core/packages/ugv_serial_odom)
[4.090s] DEBUG:colcon.colcon_core.event_handler.log_command:Invoked command in '/home/bluelule/ugv_project/ros2_ws/build/ugv_sim' returned '0': CMAKE_PREFIX_PATH=${CMAKE_PREFIX_PATH}:/home/bluelule/ugv_ws_albert/install/ugv_perception:/home/bluelule/ugv_ws_albert/install/ugv_nav:/home/bluelule/ugv_ws_albert/install/ugv_autonomy:/home/bluelule/ugv_project/ros2_ws/install/ugv_serial_odom:/home/bluelule/ugv_project/ros2_ws/install/ugv_perception:/home/bluelule/ugv_project/ros2_ws/install/ugv_lidar:/opt/ros/humble /usr/bin/cmake --build /home/bluelule/ugv_project/ros2_ws/build/ugv_sim -- -j6 -l6
[4.093s] DEBUG:colcon.colcon_core.event_handler.log_command:Invoking command in '/home/bluelule/ugv_project/ros2_ws/build/ugv_sim': CMAKE_PREFIX_PATH=${CMAKE_PREFIX_PATH}:/home/bluelule/ugv_ws_albert/install/ugv_perception:/home/bluelule/ugv_ws_albert/install/ugv_nav:/home/bluelule/ugv_ws_albert/install/ugv_autonomy:/home/bluelule/ugv_project/ros2_ws/install/ugv_serial_odom:/home/bluelule/ugv_project/ros2_ws/install/ugv_perception:/home/bluelule/ugv_project/ros2_ws/install/ugv_lidar:/opt/ros/humble /usr/bin/cmake --install /home/bluelule/ugv_project/ros2_ws/build/ugv_sim
[4.115s] Level 1:colcon.colcon_core.environment:create_environment_scripts_only(ugv_sim)
[4.116s] Level 1:colcon.colcon_core.environment:checking '/home/bluelule/ugv_project/ros2_ws/install/ugv_sim' for CMake module files
[4.117s] DEBUG:colcon.colcon_core.event_handler.log_command:Invoked command in '/home/bluelule/ugv_project/ros2_ws/build/ugv_sim' returned '0': CMAKE_PREFIX_PATH=${CMAKE_PREFIX_PATH}:/home/bluelule/ugv_ws_albert/install/ugv_perception:/home/bluelule/ugv_ws_albert/install/ugv_nav:/home/bluelule/ugv_ws_albert/install/ugv_autonomy:/home/bluelule/ugv_project/ros2_ws/install/ugv_serial_odom:/home/bluelule/ugv_project/ros2_ws/install/ugv_perception:/home/bluelule/ugv_project/ros2_ws/install/ugv_lidar:/opt/ros/humble /usr/bin/cmake --install /home/bluelule/ugv_project/ros2_ws/build/ugv_sim
[4.117s] Level 1:colcon.colcon_core.environment:checking '/home/bluelule/ugv_project/ros2_ws/install/ugv_sim' for CMake config files
[4.118s] Level 1:colcon.colcon_core.shell:create_environment_hook('ugv_sim', 'cmake_prefix_path')
[4.118s] INFO:colcon.colcon_core.shell:Creating environment hook '/home/bluelule/ugv_project/ros2_ws/install/ugv_sim/share/ugv_sim/hook/cmake_prefix_path.ps1'
[4.119s] INFO:colcon.colcon_core.shell:Creating environment descriptor '/home/bluelule/ugv_project/ros2_ws/install/ugv_sim/share/ugv_sim/hook/cmake_prefix_path.dsv'
[4.120s] INFO:colcon.colcon_core.shell:Creating environment hook '/home/bluelule/ugv_project/ros2_ws/install/ugv_sim/share/ugv_sim/hook/cmake_prefix_path.sh'
[4.121s] Level 1:colcon.colcon_core.environment:checking '/home/bluelule/ugv_project/ros2_ws/install/ugv_sim/bin'
[4.121s] Level 1:colcon.colcon_core.environment:checking '/home/bluelule/ugv_project/ros2_ws/install/ugv_sim/lib/pkgconfig/ugv_sim.pc'
[4.121s] Level 1:colcon.colcon_core.environment:checking '/home/bluelule/ugv_project/ros2_ws/install/ugv_sim/lib/python3.10/site-packages'
[4.122s] Level 1:colcon.colcon_core.environment:checking '/home/bluelule/ugv_project/ros2_ws/install/ugv_sim/bin'
[4.122s] INFO:colcon.colcon_core.shell:Creating package script '/home/bluelule/ugv_project/ros2_ws/install/ugv_sim/share/ugv_sim/package.ps1'
[4.123s] INFO:colcon.colcon_core.shell:Creating package descriptor '/home/bluelule/ugv_project/ros2_ws/install/ugv_sim/share/ugv_sim/package.dsv'
[4.124s] INFO:colcon.colcon_core.shell:Creating package script '/home/bluelule/ugv_project/ros2_ws/install/ugv_sim/share/ugv_sim/package.sh'
[4.125s] INFO:colcon.colcon_core.shell:Creating package script '/home/bluelule/ugv_project/ros2_ws/install/ugv_sim/share/ugv_sim/package.bash'
[4.126s] INFO:colcon.colcon_core.shell:Creating package script '/home/bluelule/ugv_project/ros2_ws/install/ugv_sim/share/ugv_sim/package.zsh'
[4.126s] Level 1:colcon.colcon_core.environment:create_file_with_runtime_dependencies(/home/bluelule/ugv_project/ros2_ws/install/ugv_sim/share/colcon-core/packages/ugv_sim)
[4.127s] Level 1:colcon.colcon_core.environment:create_environment_scripts_only(ugv_sim)
[4.128s] Level 1:colcon.colcon_core.environment:checking '/home/bluelule/ugv_project/ros2_ws/install/ugv_sim' for CMake module files
[4.128s] Level 1:colcon.colcon_core.environment:checking '/home/bluelule/ugv_project/ros2_ws/install/ugv_sim' for CMake config files
[4.129s] Level 1:colcon.colcon_core.shell:create_environment_hook('ugv_sim', 'cmake_prefix_path')
[4.129s] INFO:colcon.colcon_core.shell:Creating environment hook '/home/bluelule/ugv_project/ros2_ws/install/ugv_sim/share/ugv_sim/hook/cmake_prefix_path.ps1'
[4.130s] INFO:colcon.colcon_core.shell:Creating environment descriptor '/home/bluelule/ugv_project/ros2_ws/install/ugv_sim/share/ugv_sim/hook/cmake_prefix_path.dsv'
[4.131s] INFO:colcon.colcon_core.shell:Creating environment hook '/home/bluelule/ugv_project/ros2_ws/install/ugv_sim/share/ugv_sim/hook/cmake_prefix_path.sh'
[4.132s] Level 1:colcon.colcon_core.environment:checking '/home/bluelule/ugv_project/ros2_ws/install/ugv_sim/bin'
[4.132s] Level 1:colcon.colcon_core.environment:checking '/home/bluelule/ugv_project/ros2_ws/install/ugv_sim/lib/pkgconfig/ugv_sim.pc'
[4.132s] Level 1:colcon.colcon_core.environment:checking '/home/bluelule/ugv_project/ros2_ws/install/ugv_sim/lib/python3.10/site-packages'
[4.133s] Level 1:colcon.colcon_core.environment:checking '/home/bluelule/ugv_project/ros2_ws/install/ugv_sim/bin'
[4.133s] INFO:colcon.colcon_core.shell:Creating package script '/home/bluelule/ugv_project/ros2_ws/install/ugv_sim/share/ugv_sim/package.ps1'
[4.134s] INFO:colcon.colcon_core.shell:Creating package descriptor '/home/bluelule/ugv_project/ros2_ws/install/ugv_sim/share/ugv_sim/package.dsv'
[4.135s] INFO:colcon.colcon_core.shell:Creating package script '/home/bluelule/ugv_project/ros2_ws/install/ugv_sim/share/ugv_sim/package.sh'
[4.136s] INFO:colcon.colcon_core.shell:Creating package script '/home/bluelule/ugv_project/ros2_ws/install/ugv_sim/share/ugv_sim/package.bash'
[4.137s] INFO:colcon.colcon_core.shell:Creating package script '/home/bluelule/ugv_project/ros2_ws/install/ugv_sim/share/ugv_sim/package.zsh'
[4.137s] Level 1:colcon.colcon_core.environment:create_file_with_runtime_dependencies(/home/bluelule/ugv_project/ros2_ws/install/ugv_sim/share/colcon-core/packages/ugv_sim)
[4.355s] DEBUG:colcon.colcon_core.event_handler.log_command:Invoked command in '/home/bluelule/ugv_project/ros2_ws/build/ugv_lidar' returned '0': PYTHONPATH=/home/bluelule/ugv_project/ros2_ws/build/ugv_lidar/prefix_override:/usr/lib/python3/dist-packages/colcon_core/task/python/colcon_distutils_commands:/home/bluelule/ugv_project/ros2_ws/install/ugv_lidar/lib/python3.10/site-packages:${PYTHONPATH} /usr/bin/python3 -W ignore:setup.py install is deprecated -W ignore:easy_install command is deprecated setup.py develop --uninstall --editable --build-directory /home/bluelule/ugv_project/ros2_ws/build/ugv_lidar/build
[4.359s] DEBUG:colcon.colcon_core.event_handler.log_command:Invoking command in '/home/bluelule/ugv_project/ros2_ws/src/ugv_lidar': PYTHONPATH=/home/bluelule/ugv_project/ros2_ws/build/ugv_lidar/prefix_override:/usr/lib/python3/dist-packages/colcon_core/task/python/colcon_distutils_commands:/home/bluelule/ugv_project/ros2_ws/install/ugv_lidar/lib/python3.10/site-packages:${PYTHONPATH} /usr/bin/python3 -W ignore:setup.py install is deprecated -W ignore:easy_install command is deprecated setup.py egg_info --egg-base ../../build/ugv_lidar build --build-base /home/bluelule/ugv_project/ros2_ws/build/ugv_lidar/build install --record /home/bluelule/ugv_project/ros2_ws/build/ugv_lidar/install.log --single-version-externally-managed install_data --force
[4.386s] DEBUG:colcon.colcon_core.event_handler.log_command:Invoked command in '/home/bluelule/ugv_project/ros2_ws/build/ugv_perception' returned '0': PYTHONPATH=/home/bluelule/ugv_project/ros2_ws/build/ugv_perception/prefix_override:/usr/lib/python3/dist-packages/colcon_core/task/python/colcon_distutils_commands:/home/bluelule/ugv_project/ros2_ws/install/ugv_perception/lib/python3.10/site-packages:${PYTHONPATH} /usr/bin/python3 -W ignore:setup.py install is deprecated -W ignore:easy_install command is deprecated setup.py develop --uninstall --editable --build-directory /home/bluelule/ugv_project/ros2_ws/build/ugv_perception/build
[4.391s] DEBUG:colcon.colcon_core.event_handler.log_command:Invoking command in '/home/bluelule/ugv_project/ros2_ws/src/ugv_perception': PYTHONPATH=/home/bluelule/ugv_project/ros2_ws/build/ugv_perception/prefix_override:/usr/lib/python3/dist-packages/colcon_core/task/python/colcon_distutils_commands:/home/bluelule/ugv_project/ros2_ws/install/ugv_perception/lib/python3.10/site-packages:${PYTHONPATH} /usr/bin/python3 -W ignore:setup.py install is deprecated -W ignore:easy_install command is deprecated setup.py egg_info --egg-base ../../build/ugv_perception build --build-base /home/bluelule/ugv_project/ros2_ws/build/ugv_perception/build install --record /home/bluelule/ugv_project/ros2_ws/build/ugv_perception/install.log --single-version-externally-managed install_data --force
[4.813s] DEBUG:colcon.colcon_core.event_handler.log_command:Invoked command in '/home/bluelule/ugv_project/ros2_ws/build/zed_wrapper' returned '0': CMAKE_PREFIX_PATH=/home/bluelule/ugv_project/ros2_ws/install/zed_components:/home/bluelule/ugv_ws_albert/microros_ws/install/micro_ros_setup:/home/bluelule/ugv_ws_albert/microros_ws/install/micro_ros_agent:/home/bluelule/ugv_ws_albert/microros_ws/install/micro_ros_msgs:/home/bluelule/ugv_ws_albert/install/zed_ros2:/home/bluelule/ugv_ws_albert/install/zed_wrapper:/home/bluelule/ugv_ws_albert/install/zed_components:/home/bluelule/ugv_ws_albert/install/sllidar_ros2:/home/bluelule/ugv_ws_albert/install/motor_control:/home/bluelule/ugv_ws_albert/install/micro_ros_setup:/home/bluelule/ugv_ws_albert/install/micro_ros_agent:/home/bluelule/ugv_ws_albert/install/micro_ros_msgs:/home/bluelule/ugv_project/ros2_ws/install/zed_ros2:/home/bluelule/ugv_project/ros2_ws/install/zed_wrapper:/home/bluelule/ugv_ws_albert/install/ugv_perception:/home/bluelule/ugv_ws_albert/install/ugv_nav:/home/bluelule/ugv_ws_albert/install/ugv_autonomy:/home/bluelule/ugv_project/ros2_ws/install/ugv_serial_odom:/home/bluelule/ugv_project/ros2_ws/install/ugv_perception:/home/bluelule/ugv_project/ros2_ws/install/ugv_lidar:/opt/ros/humble LD_LIBRARY_PATH=/home/bluelule/ugv_project/ros2_ws/install/zed_components/lib:/home/bluelule/ugv_ws_albert/microros_ws/install/micro_ros_agent/lib:/home/bluelule/ugv_ws_albert/microros_ws/install/micro_ros_msgs/lib:/home/bluelule/ugv_ws_albert/install/zed_components/lib:/home/bluelule/ugv_ws_albert/install/micro_ros_agent/lib:/home/bluelule/ugv_ws_albert/install/micro_ros_msgs/lib:/opt/ros/humble/opt/rviz_ogre_vendor/lib:/opt/ros/humble/lib/aarch64-linux-gnu:/opt/ros/humble/lib:/usr/local/cuda-12.6/lib64 /usr/bin/cmake /home/bluelule/ugv_project/ros2_ws/src/third_party/zed-ros2-wrapper/zed_wrapper -DCMAKE_INSTALL_PREFIX=/home/bluelule/ugv_project/ros2_ws/install/zed_wrapper
[4.817s] DEBUG:colcon.colcon_core.event_handler.log_command:Invoking command in '/home/bluelule/ugv_project/ros2_ws/build/zed_wrapper': CMAKE_PREFIX_PATH=/home/bluelule/ugv_project/ros2_ws/install/zed_components:/home/bluelule/ugv_ws_albert/microros_ws/install/micro_ros_setup:/home/bluelule/ugv_ws_albert/microros_ws/install/micro_ros_agent:/home/bluelule/ugv_ws_albert/microros_ws/install/micro_ros_msgs:/home/bluelule/ugv_ws_albert/install/zed_ros2:/home/bluelule/ugv_ws_albert/install/zed_wrapper:/home/bluelule/ugv_ws_albert/install/zed_components:/home/bluelule/ugv_ws_albert/install/sllidar_ros2:/home/bluelule/ugv_ws_albert/install/motor_control:/home/bluelule/ugv_ws_albert/install/micro_ros_setup:/home/bluelule/ugv_ws_albert/install/micro_ros_agent:/home/bluelule/ugv_ws_albert/install/micro_ros_msgs:/home/bluelule/ugv_project/ros2_ws/install/zed_ros2:/home/bluelule/ugv_project/ros2_ws/install/zed_wrapper:/home/bluelule/ugv_ws_albert/install/ugv_perception:/home/bluelule/ugv_ws_albert/install/ugv_nav:/home/bluelule/ugv_ws_albert/install/ugv_autonomy:/home/bluelule/ugv_project/ros2_ws/install/ugv_serial_odom:/home/bluelule/ugv_project/ros2_ws/install/ugv_perception:/home/bluelule/ugv_project/ros2_ws/install/ugv_lidar:/opt/ros/humble LD_LIBRARY_PATH=/home/bluelule/ugv_project/ros2_ws/install/zed_components/lib:/home/bluelule/ugv_ws_albert/microros_ws/install/micro_ros_agent/lib:/home/bluelule/ugv_ws_albert/microros_ws/install/micro_ros_msgs/lib:/home/bluelule/ugv_ws_albert/install/zed_components/lib:/home/bluelule/ugv_ws_albert/install/micro_ros_agent/lib:/home/bluelule/ugv_ws_albert/install/micro_ros_msgs/lib:/opt/ros/humble/opt/rviz_ogre_vendor/lib:/opt/ros/humble/lib/aarch64-linux-gnu:/opt/ros/humble/lib:/usr/local/cuda-12.6/lib64 /usr/bin/cmake --build /home/bluelule/ugv_project/ros2_ws/build/zed_wrapper -- -j6 -l6
[4.925s] DEBUG:colcon.colcon_core.event_handler.log_command:Invoked command in '/home/bluelule/ugv_project/ros2_ws/build/zed_wrapper' returned '0': CMAKE_PREFIX_PATH=/home/bluelule/ugv_project/ros2_ws/install/zed_components:/home/bluelule/ugv_ws_albert/microros_ws/install/micro_ros_setup:/home/bluelule/ugv_ws_albert/microros_ws/install/micro_ros_agent:/home/bluelule/ugv_ws_albert/microros_ws/install/micro_ros_msgs:/home/bluelule/ugv_ws_albert/install/zed_ros2:/home/bluelule/ugv_ws_albert/install/zed_wrapper:/home/bluelule/ugv_ws_albert/install/zed_components:/home/bluelule/ugv_ws_albert/install/sllidar_ros2:/home/bluelule/ugv_ws_albert/install/motor_control:/home/bluelule/ugv_ws_albert/install/micro_ros_setup:/home/bluelule/ugv_ws_albert/install/micro_ros_agent:/home/bluelule/ugv_ws_albert/install/micro_ros_msgs:/home/bluelule/ugv_project/ros2_ws/install/zed_ros2:/home/bluelule/ugv_project/ros2_ws/install/zed_wrapper:/home/bluelule/ugv_ws_albert/install/ugv_perception:/home/bluelule/ugv_ws_albert/install/ugv_nav:/home/bluelule/ugv_ws_albert/install/ugv_autonomy:/home/bluelule/ugv_project/ros2_ws/install/ugv_serial_odom:/home/bluelule/ugv_project/ros2_ws/install/ugv_perception:/home/bluelule/ugv_project/ros2_ws/install/ugv_lidar:/opt/ros/humble LD_LIBRARY_PATH=/home/bluelule/ugv_project/ros2_ws/install/zed_components/lib:/home/bluelule/ugv_ws_albert/microros_ws/install/micro_ros_agent/lib:/home/bluelule/ugv_ws_albert/microros_ws/install/micro_ros_msgs/lib:/home/bluelule/ugv_ws_albert/install/zed_components/lib:/home/bluelule/ugv_ws_albert/install/micro_ros_agent/lib:/home/bluelule/ugv_ws_albert/install/micro_ros_msgs/lib:/opt/ros/humble/opt/rviz_ogre_vendor/lib:/opt/ros/humble/lib/aarch64-linux-gnu:/opt/ros/humble/lib:/usr/local/cuda-12.6/lib64 /usr/bin/cmake --build /home/bluelule/ugv_project/ros2_ws/build/zed_wrapper -- -j6 -l6
[4.930s] DEBUG:colcon.colcon_core.event_handler.log_command:Invoking command in '/home/bluelule/ugv_project/ros2_ws/build/zed_wrapper': CMAKE_PREFIX_PATH=/home/bluelule/ugv_project/ros2_ws/install/zed_components:/home/bluelule/ugv_ws_albert/microros_ws/install/micro_ros_setup:/home/bluelule/ugv_ws_albert/microros_ws/install/micro_ros_agent:/home/bluelule/ugv_ws_albert/microros_ws/install/micro_ros_msgs:/home/bluelule/ugv_ws_albert/install/zed_ros2:/home/bluelule/ugv_ws_albert/install/zed_wrapper:/home/bluelule/ugv_ws_albert/install/zed_components:/home/bluelule/ugv_ws_albert/install/sllidar_ros2:/home/bluelule/ugv_ws_albert/install/motor_control:/home/bluelule/ugv_ws_albert/install/micro_ros_setup:/home/bluelule/ugv_ws_albert/install/micro_ros_agent:/home/bluelule/ugv_ws_albert/install/micro_ros_msgs:/home/bluelule/ugv_project/ros2_ws/install/zed_ros2:/home/bluelule/ugv_project/ros2_ws/install/zed_wrapper:/home/bluelule/ugv_ws_albert/install/ugv_perception:/home/bluelule/ugv_ws_albert/install/ugv_nav:/home/bluelule/ugv_ws_albert/install/ugv_autonomy:/home/bluelule/ugv_project/ros2_ws/install/ugv_serial_odom:/home/bluelule/ugv_project/ros2_ws/install/ugv_perception:/home/bluelule/ugv_project/ros2_ws/install/ugv_lidar:/opt/ros/humble LD_LIBRARY_PATH=/home/bluelule/ugv_project/ros2_ws/install/zed_components/lib:/home/bluelule/ugv_ws_albert/microros_ws/install/micro_ros_agent/lib:/home/bluelule/ugv_ws_albert/microros_ws/install/micro_ros_msgs/lib:/home/bluelule/ugv_ws_albert/install/zed_components/lib:/home/bluelule/ugv_ws_albert/install/micro_ros_agent/lib:/home/bluelule/ugv_ws_albert/install/micro_ros_msgs/lib:/opt/ros/humble/opt/rviz_ogre_vendor/lib:/opt/ros/humble/lib/aarch64-linux-gnu:/opt/ros/humble/lib:/usr/local/cuda-12.6/lib64 /usr/bin/cmake --install /home/bluelule/ugv_project/ros2_ws/build/zed_wrapper
[4.970s] Level 1:colcon.colcon_core.environment:checking '/home/bluelule/ugv_project/ros2_ws/install/ugv_lidar' for CMake module files
[4.971s] DEBUG:colcon.colcon_core.event_handler.log_command:Invoked command in '/home/bluelule/ugv_project/ros2_ws/src/ugv_lidar' returned '0': PYTHONPATH=/home/bluelule/ugv_project/ros2_ws/build/ugv_lidar/prefix_override:/usr/lib/python3/dist-packages/colcon_core/task/python/colcon_distutils_commands:/home/bluelule/ugv_project/ros2_ws/install/ugv_lidar/lib/python3.10/site-packages:${PYTHONPATH} /usr/bin/python3 -W ignore:setup.py install is deprecated -W ignore:easy_install command is deprecated setup.py egg_info --egg-base ../../build/ugv_lidar build --build-base /home/bluelule/ugv_project/ros2_ws/build/ugv_lidar/build install --record /home/bluelule/ugv_project/ros2_ws/build/ugv_lidar/install.log --single-version-externally-managed install_data --force
[4.972s] Level 1:colcon.colcon_core.environment:checking '/home/bluelule/ugv_project/ros2_ws/install/ugv_lidar' for CMake config files
[4.973s] Level 1:colcon.colcon_core.environment:checking '/home/bluelule/ugv_project/ros2_ws/install/ugv_lidar/lib'
[4.974s] Level 1:colcon.colcon_core.environment:checking '/home/bluelule/ugv_project/ros2_ws/install/ugv_lidar/bin'
[4.974s] Level 1:colcon.colcon_core.environment:checking '/home/bluelule/ugv_project/ros2_ws/install/ugv_lidar/lib/pkgconfig/ugv_lidar.pc'
[4.974s] Level 1:colcon.colcon_core.environment:checking '/home/bluelule/ugv_project/ros2_ws/install/ugv_lidar/lib/python3.10/site-packages'
[4.974s] Level 1:colcon.colcon_core.shell:create_environment_hook('ugv_lidar', 'pythonpath')
[4.975s] INFO:colcon.colcon_core.shell:Creating environment hook '/home/bluelule/ugv_project/ros2_ws/install/ugv_lidar/share/ugv_lidar/hook/pythonpath.ps1'
[4.977s] INFO:colcon.colcon_core.shell:Creating environment descriptor '/home/bluelule/ugv_project/ros2_ws/install/ugv_lidar/share/ugv_lidar/hook/pythonpath.dsv'
[4.977s] INFO:colcon.colcon_core.shell:Creating environment hook '/home/bluelule/ugv_project/ros2_ws/install/ugv_lidar/share/ugv_lidar/hook/pythonpath.sh'
[4.979s] Level 1:colcon.colcon_core.environment:checking '/home/bluelule/ugv_project/ros2_ws/install/ugv_lidar/bin'
[4.979s] Level 1:colcon.colcon_core.environment:create_environment_scripts_only(ugv_lidar)
[4.980s] INFO:colcon.colcon_core.shell:Creating package script '/home/bluelule/ugv_project/ros2_ws/install/ugv_lidar/share/ugv_lidar/package.ps1'
[4.983s] INFO:colcon.colcon_core.shell:Creating package descriptor '/home/bluelule/ugv_project/ros2_ws/install/ugv_lidar/share/ugv_lidar/package.dsv'
[4.985s] INFO:colcon.colcon_core.shell:Creating package script '/home/bluelule/ugv_project/ros2_ws/install/ugv_lidar/share/ugv_lidar/package.sh'
[4.986s] INFO:colcon.colcon_core.shell:Creating package script '/home/bluelule/ugv_project/ros2_ws/install/ugv_lidar/share/ugv_lidar/package.bash'
[4.987s] INFO:colcon.colcon_core.shell:Creating package script '/home/bluelule/ugv_project/ros2_ws/install/ugv_lidar/share/ugv_lidar/package.zsh'
[4.988s] Level 1:colcon.colcon_core.environment:create_file_with_runtime_dependencies(/home/bluelule/ugv_project/ros2_ws/install/ugv_lidar/share/colcon-core/packages/ugv_lidar)
[4.991s] Level 1:colcon.colcon_core.environment:create_environment_scripts_only(zed_wrapper)
[4.993s] Level 1:colcon.colcon_core.environment:checking '/home/bluelule/ugv_project/ros2_ws/install/zed_wrapper' for CMake module files
[4.994s] DEBUG:colcon.colcon_core.event_handler.log_command:Invoked command in '/home/bluelule/ugv_project/ros2_ws/build/zed_wrapper' returned '0': CMAKE_PREFIX_PATH=/home/bluelule/ugv_project/ros2_ws/install/zed_components:/home/bluelule/ugv_ws_albert/microros_ws/install/micro_ros_setup:/home/bluelule/ugv_ws_albert/microros_ws/install/micro_ros_agent:/home/bluelule/ugv_ws_albert/microros_ws/install/micro_ros_msgs:/home/bluelule/ugv_ws_albert/install/zed_ros2:/home/bluelule/ugv_ws_albert/install/zed_wrapper:/home/bluelule/ugv_ws_albert/install/zed_components:/home/bluelule/ugv_ws_albert/install/sllidar_ros2:/home/bluelule/ugv_ws_albert/install/motor_control:/home/bluelule/ugv_ws_albert/install/micro_ros_setup:/home/bluelule/ugv_ws_albert/install/micro_ros_agent:/home/bluelule/ugv_ws_albert/install/micro_ros_msgs:/home/bluelule/ugv_project/ros2_ws/install/zed_ros2:/home/bluelule/ugv_project/ros2_ws/install/zed_wrapper:/home/bluelule/ugv_ws_albert/install/ugv_perception:/home/bluelule/ugv_ws_albert/install/ugv_nav:/home/bluelule/ugv_ws_albert/install/ugv_autonomy:/home/bluelule/ugv_project/ros2_ws/install/ugv_serial_odom:/home/bluelule/ugv_project/ros2_ws/install/ugv_perception:/home/bluelule/ugv_project/ros2_ws/install/ugv_lidar:/opt/ros/humble LD_LIBRARY_PATH=/home/bluelule/ugv_project/ros2_ws/install/zed_components/lib:/home/bluelule/ugv_ws_albert/microros_ws/install/micro_ros_agent/lib:/home/bluelule/ugv_ws_albert/microros_ws/install/micro_ros_msgs/lib:/home/bluelule/ugv_ws_albert/install/zed_components/lib:/home/bluelule/ugv_ws_albert/install/micro_ros_agent/lib:/home/bluelule/ugv_ws_albert/install/micro_ros_msgs/lib:/opt/ros/humble/opt/rviz_ogre_vendor/lib:/opt/ros/humble/lib/aarch64-linux-gnu:/opt/ros/humble/lib:/usr/local/cuda-12.6/lib64 /usr/bin/cmake --install /home/bluelule/ugv_project/ros2_ws/build/zed_wrapper
[4.995s] Level 1:colcon.colcon_core.environment:checking '/home/bluelule/ugv_project/ros2_ws/install/zed_wrapper' for CMake config files
[4.996s] Level 1:colcon.colcon_core.shell:create_environment_hook('zed_wrapper', 'cmake_prefix_path')
[4.997s] INFO:colcon.colcon_core.shell:Creating environment hook '/home/bluelule/ugv_project/ros2_ws/install/zed_wrapper/share/zed_wrapper/hook/cmake_prefix_path.ps1'
[4.999s] INFO:colcon.colcon_core.shell:Creating environment descriptor '/home/bluelule/ugv_project/ros2_ws/install/zed_wrapper/share/zed_wrapper/hook/cmake_prefix_path.dsv'
[5.000s] INFO:colcon.colcon_core.shell:Creating environment hook '/home/bluelule/ugv_project/ros2_ws/install/zed_wrapper/share/zed_wrapper/hook/cmake_prefix_path.sh'
[5.002s] Level 1:colcon.colcon_core.environment:checking '/home/bluelule/ugv_project/ros2_ws/install/zed_wrapper/bin'
[5.002s] Level 1:colcon.colcon_core.environment:checking '/home/bluelule/ugv_project/ros2_ws/install/zed_wrapper/lib/pkgconfig/zed_wrapper.pc'
[5.004s] Level 1:colcon.colcon_core.environment:checking '/home/bluelule/ugv_project/ros2_ws/install/zed_wrapper/lib/python3.10/site-packages'
[5.005s] Level 1:colcon.colcon_core.environment:checking '/home/bluelule/ugv_project/ros2_ws/install/zed_wrapper/bin'
[5.006s] INFO:colcon.colcon_core.shell:Creating package script '/home/bluelule/ugv_project/ros2_ws/install/zed_wrapper/share/zed_wrapper/package.ps1'
[5.008s] INFO:colcon.colcon_core.shell:Creating package descriptor '/home/bluelule/ugv_project/ros2_ws/install/zed_wrapper/share/zed_wrapper/package.dsv'
[5.009s] INFO:colcon.colcon_core.shell:Creating package script '/home/bluelule/ugv_project/ros2_ws/install/zed_wrapper/share/zed_wrapper/package.sh'
[5.011s] INFO:colcon.colcon_core.shell:Creating package script '/home/bluelule/ugv_project/ros2_ws/install/zed_wrapper/share/zed_wrapper/package.bash'
[5.012s] INFO:colcon.colcon_core.shell:Creating package script '/home/bluelule/ugv_project/ros2_ws/install/zed_wrapper/share/zed_wrapper/package.zsh'
[5.013s] Level 1:colcon.colcon_core.environment:create_file_with_runtime_dependencies(/home/bluelule/ugv_project/ros2_ws/install/zed_wrapper/share/colcon-core/packages/zed_wrapper)
[5.015s] Level 1:colcon.colcon_core.environment:create_environment_scripts_only(zed_wrapper)
[5.016s] Level 1:colcon.colcon_core.environment:checking '/home/bluelule/ugv_project/ros2_ws/install/zed_wrapper' for CMake module files
[5.018s] Level 1:colcon.colcon_core.environment:checking '/home/bluelule/ugv_project/ros2_ws/install/zed_wrapper' for CMake config files
[5.019s] Level 1:colcon.colcon_core.shell:create_environment_hook('zed_wrapper', 'cmake_prefix_path')
[5.020s] INFO:colcon.colcon_core.shell:Creating environment hook '/home/bluelule/ugv_project/ros2_ws/install/zed_wrapper/share/zed_wrapper/hook/cmake_prefix_path.ps1'
[5.021s] INFO:colcon.colcon_core.shell:Creating environment descriptor '/home/bluelule/ugv_project/ros2_ws/install/zed_wrapper/share/zed_wrapper/hook/cmake_prefix_path.dsv'
[5.022s] INFO:colcon.colcon_core.shell:Creating environment hook '/home/bluelule/ugv_project/ros2_ws/install/zed_wrapper/share/zed_wrapper/hook/cmake_prefix_path.sh'
[5.024s] Level 1:colcon.colcon_core.environment:checking '/home/bluelule/ugv_project/ros2_ws/install/zed_wrapper/bin'
[5.024s] Level 1:colcon.colcon_core.environment:checking '/home/bluelule/ugv_project/ros2_ws/install/zed_wrapper/lib/pkgconfig/zed_wrapper.pc'
[5.025s] Level 1:colcon.colcon_core.environment:checking '/home/bluelule/ugv_project/ros2_ws/install/zed_wrapper/lib/python3.10/site-packages'
[5.026s] Level 1:colcon.colcon_core.environment:checking '/home/bluelule/ugv_project/ros2_ws/install/zed_wrapper/bin'
[5.027s] INFO:colcon.colcon_core.shell:Creating package script '/home/bluelule/ugv_project/ros2_ws/install/zed_wrapper/share/zed_wrapper/package.ps1'
[5.029s] INFO:colcon.colcon_core.shell:Creating package descriptor '/home/bluelule/ugv_project/ros2_ws/install/zed_wrapper/share/zed_wrapper/package.dsv'
[5.030s] INFO:colcon.colcon_core.shell:Creating package script '/home/bluelule/ugv_project/ros2_ws/install/zed_wrapper/share/zed_wrapper/package.sh'
[5.031s] INFO:colcon.colcon_core.shell:Creating package script '/home/bluelule/ugv_project/ros2_ws/install/zed_wrapper/share/zed_wrapper/package.bash'
[5.032s] INFO:colcon.colcon_core.shell:Creating package script '/home/bluelule/ugv_project/ros2_ws/install/zed_wrapper/share/zed_wrapper/package.zsh'
[5.034s] Level 1:colcon.colcon_core.environment:create_file_with_runtime_dependencies(/home/bluelule/ugv_project/ros2_ws/install/zed_wrapper/share/colcon-core/packages/zed_wrapper)
[5.035s] INFO:colcon.colcon_ros.task.ament_cmake.build:Building ROS package in '/home/bluelule/ugv_project/ros2_ws/src/third_party/zed-ros2-wrapper/zed_ros2' with build type 'ament_cmake'
[5.036s] INFO:colcon.colcon_cmake.task.cmake.build:Building CMake package in '/home/bluelule/ugv_project/ros2_ws/src/third_party/zed-ros2-wrapper/zed_ros2'
[5.037s] INFO:colcon.colcon_core.shell:Skip shell extension 'powershell' for command environment: Not usable outside of PowerShell
[5.037s] DEBUG:colcon.colcon_core.shell:Skip shell extension 'dsv' for command environment
[5.057s] Level 1:colcon.colcon_core.environment:checking '/home/bluelule/ugv_project/ros2_ws/install/ugv_perception' for CMake module files
[5.059s] DEBUG:colcon.colcon_core.event_handler.log_command:Invoked command in '/home/bluelule/ugv_project/ros2_ws/src/ugv_perception' returned '0': PYTHONPATH=/home/bluelule/ugv_project/ros2_ws/build/ugv_perception/prefix_override:/usr/lib/python3/dist-packages/colcon_core/task/python/colcon_distutils_commands:/home/bluelule/ugv_project/ros2_ws/install/ugv_perception/lib/python3.10/site-packages:${PYTHONPATH} /usr/bin/python3 -W ignore:setup.py install is deprecated -W ignore:easy_install command is deprecated setup.py egg_info --egg-base ../../build/ugv_perception build --build-base /home/bluelule/ugv_project/ros2_ws/build/ugv_perception/build install --record /home/bluelule/ugv_project/ros2_ws/build/ugv_perception/install.log --single-version-externally-managed install_data --force
[5.060s] Level 1:colcon.colcon_core.environment:checking '/home/bluelule/ugv_project/ros2_ws/install/ugv_perception' for CMake config files
[5.061s] Level 1:colcon.colcon_core.environment:checking '/home/bluelule/ugv_project/ros2_ws/install/ugv_perception/lib'
[5.062s] Level 1:colcon.colcon_core.environment:checking '/home/bluelule/ugv_project/ros2_ws/install/ugv_perception/bin'
[5.062s] Level 1:colcon.colcon_core.environment:checking '/home/bluelule/ugv_project/ros2_ws/install/ugv_perception/lib/pkgconfig/ugv_perception.pc'
[5.063s] Level 1:colcon.colcon_core.environment:checking '/home/bluelule/ugv_project/ros2_ws/install/ugv_perception/lib/python3.10/site-packages'
[5.063s] Level 1:colcon.colcon_core.shell:create_environment_hook('ugv_perception', 'pythonpath')
[5.063s] INFO:colcon.colcon_core.shell:Creating environment hook '/home/bluelule/ugv_project/ros2_ws/install/ugv_perception/share/ugv_perception/hook/pythonpath.ps1'
[5.065s] INFO:colcon.colcon_core.shell:Creating environment descriptor '/home/bluelule/ugv_project/ros2_ws/install/ugv_perception/share/ugv_perception/hook/pythonpath.dsv'
[5.066s] INFO:colcon.colcon_core.shell:Creating environment hook '/home/bluelule/ugv_project/ros2_ws/install/ugv_perception/share/ugv_perception/hook/pythonpath.sh'
[5.068s] Level 1:colcon.colcon_core.environment:checking '/home/bluelule/ugv_project/ros2_ws/install/ugv_perception/bin'
[5.069s] Level 1:colcon.colcon_core.environment:create_environment_scripts_only(ugv_perception)
[5.070s] INFO:colcon.colcon_core.shell:Creating package script '/home/bluelule/ugv_project/ros2_ws/install/ugv_perception/share/ugv_perception/package.ps1'
[5.072s] INFO:colcon.colcon_core.shell:Creating package descriptor '/home/bluelule/ugv_project/ros2_ws/install/ugv_perception/share/ugv_perception/package.dsv'
[5.073s] INFO:colcon.colcon_core.shell:Creating package script '/home/bluelule/ugv_project/ros2_ws/install/ugv_perception/share/ugv_perception/package.sh'
[5.074s] INFO:colcon.colcon_core.shell:Creating package script '/home/bluelule/ugv_project/ros2_ws/install/ugv_perception/share/ugv_perception/package.bash'
[5.075s] INFO:colcon.colcon_core.shell:Creating package script '/home/bluelule/ugv_project/ros2_ws/install/ugv_perception/share/ugv_perception/package.zsh'
[5.076s] Level 1:colcon.colcon_core.environment:create_file_with_runtime_dependencies(/home/bluelule/ugv_project/ros2_ws/install/ugv_perception/share/colcon-core/packages/ugv_perception)
[5.086s] DEBUG:colcon.colcon_core.event_handler.log_command:Invoking command in '/home/bluelule/ugv_project/ros2_ws/build/zed_ros2': CMAKE_PREFIX_PATH=/home/bluelule/ugv_project/ros2_ws/install/zed_wrapper:/home/bluelule/ugv_project/ros2_ws/install/zed_components:/home/bluelule/ugv_ws_albert/microros_ws/install/micro_ros_setup:/home/bluelule/ugv_ws_albert/microros_ws/install/micro_ros_agent:/home/bluelule/ugv_ws_albert/microros_ws/install/micro_ros_msgs:/home/bluelule/ugv_ws_albert/install/zed_ros2:/home/bluelule/ugv_ws_albert/install/zed_wrapper:/home/bluelule/ugv_ws_albert/install/zed_components:/home/bluelule/ugv_ws_albert/install/sllidar_ros2:/home/bluelule/ugv_ws_albert/install/motor_control:/home/bluelule/ugv_ws_albert/install/micro_ros_setup:/home/bluelule/ugv_ws_albert/install/micro_ros_agent:/home/bluelule/ugv_ws_albert/install/micro_ros_msgs:/home/bluelule/ugv_project/ros2_ws/install/zed_ros2:/home/bluelule/ugv_ws_albert/install/ugv_perception:/home/bluelule/ugv_ws_albert/install/ugv_nav:/home/bluelule/ugv_ws_albert/install/ugv_autonomy:/home/bluelule/ugv_project/ros2_ws/install/ugv_serial_odom:/home/bluelule/ugv_project/ros2_ws/install/ugv_perception:/home/bluelule/ugv_project/ros2_ws/install/ugv_lidar:/opt/ros/humble LD_LIBRARY_PATH=/home/bluelule/ugv_project/ros2_ws/install/zed_components/lib:/home/bluelule/ugv_ws_albert/microros_ws/install/micro_ros_agent/lib:/home/bluelule/ugv_ws_albert/microros_ws/install/micro_ros_msgs/lib:/home/bluelule/ugv_ws_albert/install/zed_components/lib:/home/bluelule/ugv_ws_albert/install/micro_ros_agent/lib:/home/bluelule/ugv_ws_albert/install/micro_ros_msgs/lib:/opt/ros/humble/opt/rviz_ogre_vendor/lib:/opt/ros/humble/lib/aarch64-linux-gnu:/opt/ros/humble/lib:/usr/local/cuda-12.6/lib64 /usr/bin/cmake /home/bluelule/ugv_project/ros2_ws/src/third_party/zed-ros2-wrapper/zed_ros2 -DCMAKE_INSTALL_PREFIX=/home/bluelule/ugv_project/ros2_ws/install/zed_ros2
[5.594s] DEBUG:colcon.colcon_core.event_handler.log_command:Invoked command in '/home/bluelule/ugv_project/ros2_ws/build/zed_ros2' returned '0': CMAKE_PREFIX_PATH=/home/bluelule/ugv_project/ros2_ws/install/zed_wrapper:/home/bluelule/ugv_project/ros2_ws/install/zed_components:/home/bluelule/ugv_ws_albert/microros_ws/install/micro_ros_setup:/home/bluelule/ugv_ws_albert/microros_ws/install/micro_ros_agent:/home/bluelule/ugv_ws_albert/microros_ws/install/micro_ros_msgs:/home/bluelule/ugv_ws_albert/install/zed_ros2:/home/bluelule/ugv_ws_albert/install/zed_wrapper:/home/bluelule/ugv_ws_albert/install/zed_components:/home/bluelule/ugv_ws_albert/install/sllidar_ros2:/home/bluelule/ugv_ws_albert/install/motor_control:/home/bluelule/ugv_ws_albert/install/micro_ros_setup:/home/bluelule/ugv_ws_albert/install/micro_ros_agent:/home/bluelule/ugv_ws_albert/install/micro_ros_msgs:/home/bluelule/ugv_project/ros2_ws/install/zed_ros2:/home/bluelule/ugv_ws_albert/install/ugv_perception:/home/bluelule/ugv_ws_albert/install/ugv_nav:/home/bluelule/ugv_ws_albert/install/ugv_autonomy:/home/bluelule/ugv_project/ros2_ws/install/ugv_serial_odom:/home/bluelule/ugv_project/ros2_ws/install/ugv_perception:/home/bluelule/ugv_project/ros2_ws/install/ugv_lidar:/opt/ros/humble LD_LIBRARY_PATH=/home/bluelule/ugv_project/ros2_ws/install/zed_components/lib:/home/bluelule/ugv_ws_albert/microros_ws/install/micro_ros_agent/lib:/home/bluelule/ugv_ws_albert/microros_ws/install/micro_ros_msgs/lib:/home/bluelule/ugv_ws_albert/install/zed_components/lib:/home/bluelule/ugv_ws_albert/install/micro_ros_agent/lib:/home/bluelule/ugv_ws_albert/install/micro_ros_msgs/lib:/opt/ros/humble/opt/rviz_ogre_vendor/lib:/opt/ros/humble/lib/aarch64-linux-gnu:/opt/ros/humble/lib:/usr/local/cuda-12.6/lib64 /usr/bin/cmake /home/bluelule/ugv_project/ros2_ws/src/third_party/zed-ros2-wrapper/zed_ros2 -DCMAKE_INSTALL_PREFIX=/home/bluelule/ugv_project/ros2_ws/install/zed_ros2
[5.598s] DEBUG:colcon.colcon_core.event_handler.log_command:Invoking command in '/home/bluelule/ugv_project/ros2_ws/build/zed_ros2': CMAKE_PREFIX_PATH=/home/bluelule/ugv_project/ros2_ws/install/zed_wrapper:/home/bluelule/ugv_project/ros2_ws/install/zed_components:/home/bluelule/ugv_ws_albert/microros_ws/install/micro_ros_setup:/home/bluelule/ugv_ws_albert/microros_ws/install/micro_ros_agent:/home/bluelule/ugv_ws_albert/microros_ws/install/micro_ros_msgs:/home/bluelule/ugv_ws_albert/install/zed_ros2:/home/bluelule/ugv_ws_albert/install/zed_wrapper:/home/bluelule/ugv_ws_albert/install/zed_components:/home/bluelule/ugv_ws_albert/install/sllidar_ros2:/home/bluelule/ugv_ws_albert/install/motor_control:/home/bluelule/ugv_ws_albert/install/micro_ros_setup:/home/bluelule/ugv_ws_albert/install/micro_ros_agent:/home/bluelule/ugv_ws_albert/install/micro_ros_msgs:/home/bluelule/ugv_project/ros2_ws/install/zed_ros2:/home/bluelule/ugv_ws_albert/install/ugv_perception:/home/bluelule/ugv_ws_albert/install/ugv_nav:/home/bluelule/ugv_ws_albert/install/ugv_autonomy:/home/bluelule/ugv_project/ros2_ws/install/ugv_serial_odom:/home/bluelule/ugv_project/ros2_ws/install/ugv_perception:/home/bluelule/ugv_project/ros2_ws/install/ugv_lidar:/opt/ros/humble LD_LIBRARY_PATH=/home/bluelule/ugv_project/ros2_ws/install/zed_components/lib:/home/bluelule/ugv_ws_albert/microros_ws/install/micro_ros_agent/lib:/home/bluelule/ugv_ws_albert/microros_ws/install/micro_ros_msgs/lib:/home/bluelule/ugv_ws_albert/install/zed_components/lib:/home/bluelule/ugv_ws_albert/install/micro_ros_agent/lib:/home/bluelule/ugv_ws_albert/install/micro_ros_msgs/lib:/opt/ros/humble/opt/rviz_ogre_vendor/lib:/opt/ros/humble/lib/aarch64-linux-gnu:/opt/ros/humble/lib:/usr/local/cuda-12.6/lib64 /usr/bin/cmake --build /home/bluelule/ugv_project/ros2_ws/build/zed_ros2 -- -j6 -l6
[5.676s] DEBUG:colcon.colcon_core.event_handler.log_command:Invoked command in '/home/bluelule/ugv_project/ros2_ws/build/zed_ros2' returned '0': CMAKE_PREFIX_PATH=/home/bluelule/ugv_project/ros2_ws/install/zed_wrapper:/home/bluelule/ugv_project/ros2_ws/install/zed_components:/home/bluelule/ugv_ws_albert/microros_ws/install/micro_ros_setup:/home/bluelule/ugv_ws_albert/microros_ws/install/micro_ros_agent:/home/bluelule/ugv_ws_albert/microros_ws/install/micro_ros_msgs:/home/bluelule/ugv_ws_albert/install/zed_ros2:/home/bluelule/ugv_ws_albert/install/zed_wrapper:/home/bluelule/ugv_ws_albert/install/zed_components:/home/bluelule/ugv_ws_albert/install/sllidar_ros2:/home/bluelule/ugv_ws_albert/install/motor_control:/home/bluelule/ugv_ws_albert/install/micro_ros_setup:/home/bluelule/ugv_ws_albert/install/micro_ros_agent:/home/bluelule/ugv_ws_albert/install/micro_ros_msgs:/home/bluelule/ugv_project/ros2_ws/install/zed_ros2:/home/bluelule/ugv_ws_albert/install/ugv_perception:/home/bluelule/ugv_ws_albert/install/ugv_nav:/home/bluelule/ugv_ws_albert/install/ugv_autonomy:/home/bluelule/ugv_project/ros2_ws/install/ugv_serial_odom:/home/bluelule/ugv_project/ros2_ws/install/ugv_perception:/home/bluelule/ugv_project/ros2_ws/install/ugv_lidar:/opt/ros/humble LD_LIBRARY_PATH=/home/bluelule/ugv_project/ros2_ws/install/zed_components/lib:/home/bluelule/ugv_ws_albert/microros_ws/install/micro_ros_agent/lib:/home/bluelule/ugv_ws_albert/microros_ws/install/micro_ros_msgs/lib:/home/bluelule/ugv_ws_albert/install/zed_components/lib:/home/bluelule/ugv_ws_albert/install/micro_ros_agent/lib:/home/bluelule/ugv_ws_albert/install/micro_ros_msgs/lib:/opt/ros/humble/opt/rviz_ogre_vendor/lib:/opt/ros/humble/lib/aarch64-linux-gnu:/opt/ros/humble/lib:/usr/local/cuda-12.6/lib64 /usr/bin/cmake --build /home/bluelule/ugv_project/ros2_ws/build/zed_ros2 -- -j6 -l6
[5.680s] DEBUG:colcon.colcon_core.event_handler.log_command:Invoking command in '/home/bluelule/ugv_project/ros2_ws/build/zed_ros2': CMAKE_PREFIX_PATH=/home/bluelule/ugv_project/ros2_ws/install/zed_wrapper:/home/bluelule/ugv_project/ros2_ws/install/zed_components:/home/bluelule/ugv_ws_albert/microros_ws/install/micro_ros_setup:/home/bluelule/ugv_ws_albert/microros_ws/install/micro_ros_agent:/home/bluelule/ugv_ws_albert/microros_ws/install/micro_ros_msgs:/home/bluelule/ugv_ws_albert/install/zed_ros2:/home/bluelule/ugv_ws_albert/install/zed_wrapper:/home/bluelule/ugv_ws_albert/install/zed_components:/home/bluelule/ugv_ws_albert/install/sllidar_ros2:/home/bluelule/ugv_ws_albert/install/motor_control:/home/bluelule/ugv_ws_albert/install/micro_ros_setup:/home/bluelule/ugv_ws_albert/install/micro_ros_agent:/home/bluelule/ugv_ws_albert/install/micro_ros_msgs:/home/bluelule/ugv_project/ros2_ws/install/zed_ros2:/home/bluelule/ugv_ws_albert/install/ugv_perception:/home/bluelule/ugv_ws_albert/install/ugv_nav:/home/bluelule/ugv_ws_albert/install/ugv_autonomy:/home/bluelule/ugv_project/ros2_ws/install/ugv_serial_odom:/home/bluelule/ugv_project/ros2_ws/install/ugv_perception:/home/bluelule/ugv_project/ros2_ws/install/ugv_lidar:/opt/ros/humble LD_LIBRARY_PATH=/home/bluelule/ugv_project/ros2_ws/install/zed_components/lib:/home/bluelule/ugv_ws_albert/microros_ws/install/micro_ros_agent/lib:/home/bluelule/ugv_ws_albert/microros_ws/install/micro_ros_msgs/lib:/home/bluelule/ugv_ws_albert/install/zed_components/lib:/home/bluelule/ugv_ws_albert/install/micro_ros_agent/lib:/home/bluelule/ugv_ws_albert/install/micro_ros_msgs/lib:/opt/ros/humble/opt/rviz_ogre_vendor/lib:/opt/ros/humble/lib/aarch64-linux-gnu:/opt/ros/humble/lib:/usr/local/cuda-12.6/lib64 /usr/bin/cmake --install /home/bluelule/ugv_project/ros2_ws/build/zed_ros2
[5.734s] Level 1:colcon.colcon_core.environment:create_environment_scripts_only(zed_ros2)
[5.735s] Level 1:colcon.colcon_core.environment:checking '/home/bluelule/ugv_project/ros2_ws/install/zed_ros2' for CMake module files
[5.736s] DEBUG:colcon.colcon_core.event_handler.log_command:Invoked command in '/home/bluelule/ugv_project/ros2_ws/build/zed_ros2' returned '0': CMAKE_PREFIX_PATH=/home/bluelule/ugv_project/ros2_ws/install/zed_wrapper:/home/bluelule/ugv_project/ros2_ws/install/zed_components:/home/bluelule/ugv_ws_albert/microros_ws/install/micro_ros_setup:/home/bluelule/ugv_ws_albert/microros_ws/install/micro_ros_agent:/home/bluelule/ugv_ws_albert/microros_ws/install/micro_ros_msgs:/home/bluelule/ugv_ws_albert/install/zed_ros2:/home/bluelule/ugv_ws_albert/install/zed_wrapper:/home/bluelule/ugv_ws_albert/install/zed_components:/home/bluelule/ugv_ws_albert/install/sllidar_ros2:/home/bluelule/ugv_ws_albert/install/motor_control:/home/bluelule/ugv_ws_albert/install/micro_ros_setup:/home/bluelule/ugv_ws_albert/install/micro_ros_agent:/home/bluelule/ugv_ws_albert/install/micro_ros_msgs:/home/bluelule/ugv_project/ros2_ws/install/zed_ros2:/home/bluelule/ugv_ws_albert/install/ugv_perception:/home/bluelule/ugv_ws_albert/install/ugv_nav:/home/bluelule/ugv_ws_albert/install/ugv_autonomy:/home/bluelule/ugv_project/ros2_ws/install/ugv_serial_odom:/home/bluelule/ugv_project/ros2_ws/install/ugv_perception:/home/bluelule/ugv_project/ros2_ws/install/ugv_lidar:/opt/ros/humble LD_LIBRARY_PATH=/home/bluelule/ugv_project/ros2_ws/install/zed_components/lib:/home/bluelule/ugv_ws_albert/microros_ws/install/micro_ros_agent/lib:/home/bluelule/ugv_ws_albert/microros_ws/install/micro_ros_msgs/lib:/home/bluelule/ugv_ws_albert/install/zed_components/lib:/home/bluelule/ugv_ws_albert/install/micro_ros_agent/lib:/home/bluelule/ugv_ws_albert/install/micro_ros_msgs/lib:/opt/ros/humble/opt/rviz_ogre_vendor/lib:/opt/ros/humble/lib/aarch64-linux-gnu:/opt/ros/humble/lib:/usr/local/cuda-12.6/lib64 /usr/bin/cmake --install /home/bluelule/ugv_project/ros2_ws/build/zed_ros2
[5.738s] Level 1:colcon.colcon_core.environment:checking '/home/bluelule/ugv_project/ros2_ws/install/zed_ros2' for CMake config files
[5.738s] Level 1:colcon.colcon_core.shell:create_environment_hook('zed_ros2', 'cmake_prefix_path')
[5.739s] INFO:colcon.colcon_core.shell:Creating environment hook '/home/bluelule/ugv_project/ros2_ws/install/zed_ros2/share/zed_ros2/hook/cmake_prefix_path.ps1'
[5.741s] INFO:colcon.colcon_core.shell:Creating environment descriptor '/home/bluelule/ugv_project/ros2_ws/install/zed_ros2/share/zed_ros2/hook/cmake_prefix_path.dsv'
[5.742s] INFO:colcon.colcon_core.shell:Creating environment hook '/home/bluelule/ugv_project/ros2_ws/install/zed_ros2/share/zed_ros2/hook/cmake_prefix_path.sh'
[5.744s] Level 1:colcon.colcon_core.environment:checking '/home/bluelule/ugv_project/ros2_ws/install/zed_ros2/bin'
[5.745s] Level 1:colcon.colcon_core.environment:checking '/home/bluelule/ugv_project/ros2_ws/install/zed_ros2/lib/pkgconfig/zed_ros2.pc'
[5.745s] Level 1:colcon.colcon_core.environment:checking '/home/bluelule/ugv_project/ros2_ws/install/zed_ros2/lib/python3.10/site-packages'
[5.747s] Level 1:colcon.colcon_core.environment:checking '/home/bluelule/ugv_project/ros2_ws/install/zed_ros2/bin'
[5.748s] INFO:colcon.colcon_core.shell:Creating package script '/home/bluelule/ugv_project/ros2_ws/install/zed_ros2/share/zed_ros2/package.ps1'
[5.750s] INFO:colcon.colcon_core.shell:Creating package descriptor '/home/bluelule/ugv_project/ros2_ws/install/zed_ros2/share/zed_ros2/package.dsv'
[5.751s] INFO:colcon.colcon_core.shell:Creating package script '/home/bluelule/ugv_project/ros2_ws/install/zed_ros2/share/zed_ros2/package.sh'
[5.753s] INFO:colcon.colcon_core.shell:Creating package script '/home/bluelule/ugv_project/ros2_ws/install/zed_ros2/share/zed_ros2/package.bash'
[5.754s] INFO:colcon.colcon_core.shell:Creating package script '/home/bluelule/ugv_project/ros2_ws/install/zed_ros2/share/zed_ros2/package.zsh'
[5.755s] Level 1:colcon.colcon_core.environment:create_file_with_runtime_dependencies(/home/bluelule/ugv_project/ros2_ws/install/zed_ros2/share/colcon-core/packages/zed_ros2)
[5.757s] Level 1:colcon.colcon_core.environment:create_environment_scripts_only(zed_ros2)
[5.758s] Level 1:colcon.colcon_core.environment:checking '/home/bluelule/ugv_project/ros2_ws/install/zed_ros2' for CMake module files
[5.760s] Level 1:colcon.colcon_core.environment:checking '/home/bluelule/ugv_project/ros2_ws/install/zed_ros2' for CMake config files
[5.761s] Level 1:colcon.colcon_core.shell:create_environment_hook('zed_ros2', 'cmake_prefix_path')
[5.762s] INFO:colcon.colcon_core.shell:Creating environment hook '/home/bluelule/ugv_project/ros2_ws/install/zed_ros2/share/zed_ros2/hook/cmake_prefix_path.ps1'
[5.763s] INFO:colcon.colcon_core.shell:Creating environment descriptor '/home/bluelule/ugv_project/ros2_ws/install/zed_ros2/share/zed_ros2/hook/cmake_prefix_path.dsv'
[5.765s] INFO:colcon.colcon_core.shell:Creating environment hook '/home/bluelule/ugv_project/ros2_ws/install/zed_ros2/share/zed_ros2/hook/cmake_prefix_path.sh'
[5.767s] Level 1:colcon.colcon_core.environment:checking '/home/bluelule/ugv_project/ros2_ws/install/zed_ros2/bin'
[5.767s] Level 1:colcon.colcon_core.environment:checking '/home/bluelule/ugv_project/ros2_ws/install/zed_ros2/lib/pkgconfig/zed_ros2.pc'
[5.768s] Level 1:colcon.colcon_core.environment:checking '/home/bluelule/ugv_project/ros2_ws/install/zed_ros2/lib/python3.10/site-packages'
[5.769s] Level 1:colcon.colcon_core.environment:checking '/home/bluelule/ugv_project/ros2_ws/install/zed_ros2/bin'
[5.770s] INFO:colcon.colcon_core.shell:Creating package script '/home/bluelule/ugv_project/ros2_ws/install/zed_ros2/share/zed_ros2/package.ps1'
[5.772s] INFO:colcon.colcon_core.shell:Creating package descriptor '/home/bluelule/ugv_project/ros2_ws/install/zed_ros2/share/zed_ros2/package.dsv'
[5.774s] INFO:colcon.colcon_core.shell:Creating package script '/home/bluelule/ugv_project/ros2_ws/install/zed_ros2/share/zed_ros2/package.sh'
[5.776s] INFO:colcon.colcon_core.shell:Creating package script '/home/bluelule/ugv_project/ros2_ws/install/zed_ros2/share/zed_ros2/package.bash'
[5.777s] INFO:colcon.colcon_core.shell:Creating package script '/home/bluelule/ugv_project/ros2_ws/install/zed_ros2/share/zed_ros2/package.zsh'
[5.779s] Level 1:colcon.colcon_core.environment:create_file_with_runtime_dependencies(/home/bluelule/ugv_project/ros2_ws/install/zed_ros2/share/colcon-core/packages/zed_ros2)
[5.780s] DEBUG:colcon.colcon_parallel_executor.executor.parallel:closing loop
[5.781s] DEBUG:colcon.colcon_parallel_executor.executor.parallel:loop closed
[5.782s] DEBUG:colcon.colcon_parallel_executor.executor.parallel:run_until_complete finished with '0'
[5.782s] DEBUG:colcon.colcon_core.event_reactor:joining thread
[5.805s] INFO:colcon.colcon_core.plugin_system:Skipping extension 'colcon_notification.desktop_notification.terminal_notifier': Not used on non-Darwin systems
[5.805s] INFO:colcon.colcon_core.plugin_system:Skipping extension 'colcon_notification.desktop_notification.win32': Not used on non-Windows systems
[5.805s] INFO:colcon.colcon_notification.desktop_notification:Sending desktop notification using 'notify2'
[5.868s] DEBUG:colcon.colcon_core.event_reactor:joined thread
[5.870s] INFO:colcon.colcon_core.shell:Creating prefix script '/home/bluelule/ugv_project/ros2_ws/install/local_setup.ps1'
[5.875s] INFO:colcon.colcon_core.shell:Creating prefix util module '/home/bluelule/ugv_project/ros2_ws/install/_local_setup_util_ps1.py'
[5.880s] INFO:colcon.colcon_core.shell:Creating prefix chain script '/home/bluelule/ugv_project/ros2_ws/install/setup.ps1'
[5.886s] INFO:colcon.colcon_core.shell:Creating prefix script '/home/bluelule/ugv_project/ros2_ws/install/local_setup.sh'
[5.888s] INFO:colcon.colcon_core.shell:Creating prefix util module '/home/bluelule/ugv_project/ros2_ws/install/_local_setup_util_sh.py'
[5.889s] INFO:colcon.colcon_core.shell:Creating prefix chain script '/home/bluelule/ugv_project/ros2_ws/install/setup.sh'
[5.893s] INFO:colcon.colcon_core.shell:Creating prefix script '/home/bluelule/ugv_project/ros2_ws/install/local_setup.bash'
[5.895s] INFO:colcon.colcon_core.shell:Creating prefix chain script '/home/bluelule/ugv_project/ros2_ws/install/setup.bash'
[5.899s] INFO:colcon.colcon_core.shell:Creating prefix script '/home/bluelule/ugv_project/ros2_ws/install/local_setup.zsh'
[5.901s] INFO:colcon.colcon_core.shell:Creating prefix chain script '/home/bluelule/ugv_project/ros2_ws/install/setup.zsh'
